platform,job_title,category,skills_required,job_type,budget_usd,location_preference,duration_estimate,url,main_category,skill_count,payout_tier
Freelancer.com,QUORA EXPERTS ONLY - Pay based on performance - up to $75 per hour,mixed,"article rewriting, article writing, content writing, quora, research writing",fixed,11.0,worldwide,short-term,https://www.freelancer.com/projects/articles/quora-experts-only-pay-based,other,5,Low
Freelancer.com,Invideo Video Creator Needed -- 2,mixed,"animation, video ads, video editing, video production, video services",fixed,26.0,worldwide,short-term,https://www.freelancer.com/projects/video-services/invideo-video-creator-needed,other,5,Low
Freelancer.com,Informational Educational Website Development,mixed,"graphic design, html, php, website design",fixed,80.0,worldwide,short-term,https://www.freelancer.com/projects/website-design/informational-educational-website-39509437,other,4,Low
Freelancer.com,Flutter & Supabase Expense Tracker App,mixed,"android, graphic design, iphone, mobile app development, user interface / ia",fixed,6.0,worldwide,short-term,https://www.freelancer.com/projects/mobile-app-development/flutter-supabase-expense-tracker-app,other,5,Low
Freelancer.com,Brevo Email Automation Setup,mixed,"bulk marketing, email handling, email marketing, mailchimp, php",fixed,51.0,worldwide,short-term,https://www.freelancer.com/projects/email-marketing/brevo-email-automation-setup,other,5,Low
Freelancer.com,Emotional Modern-Day Romance Story,mixed,"article writing, book writing, creative writing, fiction, ghostwriting",fixed,15.0,worldwide,short-term,https://www.freelancer.com/projects/ghostwriting/emotional-modern-day-romance-story,other,5,Low
Freelancer.com,2-Story Residential Floor Plan Design,mixed,"3d rendering, autocad, building architecture, home design, interior design",fixed,108.0,worldwide,short-term,https://www.freelancer.com/projects/building-architecture/story-residential-floor-plan-design,other,5,Medium
Freelancer.com,Actress required short videos,mixed,"data entry, fashion modeling, videography, virtual assistant",fixed,20.0,worldwide,short-term,https://www.freelancer.com/projects/fashion-modeling/lead-actress-for-short-videos,other,4,Low
Freelancer.com,Shopify Site Updations,mixed,"ecommerce, html, shopify, shopify templates, website design",fixed,18.0,worldwide,short-term,https://www.freelancer.com/projects/shopify-site/shopify-site-updations,other,5,Low
Freelancer.com,Comprehensive Women's Health and Wellness App,mixed,"graphic design, iphone, mobile app development, user interface / ia, website design",fixed,261.0,worldwide,short-term,https://www.freelancer.com/projects/iphone-app-development/comprehensive-women-health-wellness-app,other,5,Medium
Freelancer.com,Business Proposal PowerPoint,mixed,"brochure design, graphic design, marketing, powerpoint, presentations",fixed,97.0,worldwide,short-term,https://www.freelancer.com/projects/brochure-design/business-proposal-powerpoint,other,5,Low
Freelancer.com,https://www.freelancer.com/groups/general-announcements/feed/305566/comments,mixed,"facebook marketing, internet marketing, marketing, social media marketing, twitter",fixed,307.0,worldwide,short-term,https://www.freelancer.com/projects/facebook-marketing/https-www-freelancer-com-groups,other,5,Medium
Freelancer.com,**Project Title**: Data Scraping for Professional Contact Details in Durg-RAIPUR District and Bhilai City,mixed,"data entry, data mining, excel, web scraping, web search",fixed,21.0,worldwide,short-term,https://www.freelancer.com/projects/data-mining/project-title-data-scraping-for,other,5,Low
Freelancer.com,Voice Recording & Whisper Transcription Development,mixed,"audio services, english (us) translator, python, software architecture, voice talent",fixed,86.0,worldwide,short-term,https://www.freelancer.com/projects/python/voice-recording-whisper-transcription,other,5,Low
Freelancer.com,EMI Calculator - Android App Source Code,mixed,"android app development, android studio, coding, java, mobile app development",fixed,115.0,worldwide,short-term,https://www.freelancer.com/projects/mobile-app-development/emi-calculator-android-app-source,other,5,Medium
Freelancer.com,Passionate Content Writer,mixed,"article writing, blog, content writing, copywriting, ghostwriting",fixed,6.0,worldwide,short-term,https://www.freelancer.com/projects/articles/passionate-content-writer-39509397,other,5,Low
Freelancer.com,Thesis Refinement Specialist,mixed,"copy typing, copywriting, creative writing, editing, research writing",fixed,10.0,worldwide,short-term,https://www.freelancer.com/projects/editing/thesis-refinement-specialist,other,5,Low
Freelancer.com,"Strong Python or full-stack developer  Experience with OpenAI, Google Sheets, and WordPress APIs  Skilled at PDF text/heading extraction",mixed,"google app engine, javascript, php, python, software architecture",fixed,310.0,worldwide,short-term,https://www.freelancer.com/projects/python/strong-python-full-stack-developer,other,5,Medium
Freelancer.com,LinkedIn Content Strategy for Personal Branding,mixed,"article writing, content writing, copywriting, creative writing, ghostwriting",fixed,5.0,worldwide,short-term,https://www.freelancer.com/projects/content-writing/linkedin-content-strategy-for-personal,other,5,Low
Freelancer.com,E-commerce Account Setup and Management,mixed,"ecommerce, html, shopify, shopping cart integration, website design",fixed,15.0,worldwide,short-term,https://www.freelancer.com/projects/ecommerce/commerce-account-setup-management,other,5,Low
Freelancer.com,Tamil Zoho CRM Customization Expert Needed,mixed,"crm, html, zoho crm",fixed,207.0,worldwide,short-term,https://www.freelancer.com/projects/crm/tamil-zoho-crm-customization-expert,other,3,Medium
Freelancer.com,Web Content Writer for ACME Website -- 2,mixed,"article writing, content writing, copywriting, ghostwriting, technical writing",fixed,556.0,worldwide,short-term,https://www.freelancer.com/projects/copywriting/web-content-writer-for-acme,other,5,High
Freelancer.com,WordPress Site Updating,mixed,"graphic design, html, php, website design, wordpress",fixed,72.0,worldwide,short-term,https://www.freelancer.com/projects/wordpress/wordpress-site-updating,other,5,Low
Freelancer.com,Web Content Writer for ACME Website,mixed,"article writing, content writing, copywriting, ghostwriting, technical writing",fixed,562.0,worldwide,short-term,https://www.freelancer.com/projects/content-writing/web-content-writer-for-acme,other,5,High
Freelancer.com,Modern Pizza Restaurant Logo Design,mixed,"graphic design, illustration, illustrator, logo design, photoshop",fixed,25.0,worldwide,short-term,https://www.freelancer.com/projects/graphic-design/modern-pizza-restaurant-logo-design-39509410,other,5,Low
Freelancer.com,Comprehensive Amazon Account Overhaul,mixed,"amazon, amazon ads, amazon listings optimization, amazon product launch, product descriptions",fixed,12.0,worldwide,short-term,https://www.freelancer.com/projects/product-descriptions/comprehensive-amazon-account-overhaul,other,5,Low
Freelancer.com,Extract Numbers from Website,mixed,"data entry, data mining, excel, web scraping, web search",fixed,1131.0,worldwide,short-term,https://www.freelancer.com/projects/web-scraping/extract-numbers-from-website,other,5,High
Freelancer.com,Amazon Merch SEO Optimization,mixed,"copywriting, internet marketing, marketing, product descriptions, seo",fixed,405.0,worldwide,short-term,https://www.freelancer.com/projects/copywriting/amazon-merch-seo-optimization-39509386,other,5,Medium
Freelancer.com,Full Stack Dev for Bread Ambassador App,mixed,"frontend development, node.js, oauth, payment gateway integration, postgresql, restful api",fixed,1111.0,worldwide,short-term,https://www.freelancer.com/projects/nodejs/full-stack-dev-for-bread,other,6,High
Freelancer.com,Online Survey Distribution Specialist,mixed,"facebook marketing, market research, marketing, research, social media marketing",fixed,10.0,worldwide,short-term,https://www.freelancer.com/projects/research/online-survey-distribution-specialist,other,5,Low
Freelancer.com,Custom Food Delivery App Design,mixed,"android, iphone, mobile app development, php, website design",fixed,6798.0,worldwide,short-term,https://www.freelancer.com/projects/android/custom-food-delivery-app-design,other,5,High
Freelancer.com,Complete WordPress E-commerce Setup,mixed,"ecommerce, html, shopping cart integration, website design, wordpress",fixed,230.0,worldwide,short-term,https://www.freelancer.com/projects/ecommerce/complete-wordpress-commerce-setup,other,5,Medium
Freelancer.com,Umrah & Desert Reels Creation,mixed,"after effects, video editing, video production, video services, videography",fixed,25.0,worldwide,short-term,https://www.freelancer.com/projects/video-editing/umrah-desert-reels-creation,other,5,Low
Freelancer.com,Expert WP Developer Needed for Elementor,mixed,"css, html, php, website design, wordpress",fixed,12.0,worldwide,short-term,https://www.freelancer.com/projects/wordpress/expert-developer-needed-for-elementor,other,5,Low
Freelancer.com,Professional Marketing Ebook Design,mixed,"adobe indesign, brochure design, graphic design, illustrator, photoshop",fixed,28.0,worldwide,short-term,https://www.freelancer.com/projects/graphic-design/professional-marketing-ebook-design,other,5,Low
Freelancer.com,Fix Razorpay AutoPay in Flutter App,mixed,"html, javascript, mysql, php, website design",fixed,26.0,worldwide,short-term,https://www.freelancer.com/projects/php/fix-razorpay-autopay-flutter-app,other,5,Low
Freelancer.com,Creative Strategy Deck,mixed,"brochure design, corporate identity, graphic design, illustrator, powerpoint",fixed,22.0,worldwide,short-term,https://www.freelancer.com/projects/graphic-design/creative-strategy-deck,other,5,Low
Freelancer.com,"Google My Business (GMB) Setup, Verification & Connected Google Service Alignment",mixed,"google adwords, google analytics, google shopping, internet marketing, seo",fixed,70.0,worldwide,short-term,https://www.freelancer.com/projects/seo/google-business-gmb-setup-verification,other,5,Low
Freelancer.com,Secure SMS Access,mixed,"iphone, mobile app development, research",fixed,148.0,worldwide,short-term,https://www.freelancer.com/projects/mobile-app-development/secure-sms-access,other,3,Medium
Freelancer.com,Product Catalogue & Wix Website Update,mixed,"brochure design, graphic design, html, website design, wix",fixed,399.0,worldwide,short-term,https://www.freelancer.com/projects/website-design/product-catalogue-wix-website-update,other,5,Medium
Freelancer.com,Convert PNG Logo to SVG,mixed,"graphic design, illustrator, logo design, photoshop, vectorization",fixed,22.0,worldwide,short-term,https://www.freelancer.com/projects/graphic-design/convert-png-logo-svg-39509384,other,5,Low
Freelancer.com,Health & Wellness Blog Writer,mixed,"article rewriting, article writing, content writing, ghostwriting, seo",fixed,21.0,worldwide,short-term,https://www.freelancer.com/projects/articles/health-wellness-blog-writer-39509380,other,5,Low
Freelancer.com,Real Estate Website Design for USA,mixed,"graphic design, html, javascript, php, website design",fixed,109.0,worldwide,short-term,https://www.freelancer.com/projects/php/real-estate-website-design-39509379,other,5,Medium
Freelancer.com,Amazon Merch SEO Optimization,mixed,"copywriting, internet marketing, marketing, product descriptions, seo",fixed,323.0,worldwide,short-term,https://www.freelancer.com/projects/copywriting/amazon-merch-seo-optimization,other,5,Medium
Freelancer.com,Social Media Content Creator,mixed,"ghostwriting, google plus, pinterest, social networking, twitter",fixed,217.0,worldwide,short-term,https://www.freelancer.com/projects/ghostwriting/social-media-content-creator-39509347,other,5,Medium
Freelancer.com,Shopify-eSIM Integration Development,mixed,"html, javascript, php, shopify, shopify templates",fixed,535.0,worldwide,short-term,https://www.freelancer.com/projects/php/shopify-esim-integration-development,other,5,High
Freelancer.com,Sync & Fix WooCommerce and Social Shops -- 2,mixed,"facebook product catalog, google shopping, instagram, woocommerce, wordpress",fixed,88.0,worldwide,short-term,https://www.freelancer.com/projects/wordpress/sync-fix-woocommerce-social-shops-39509367,other,5,Low
Freelancer.com,Animated Interactive Website Character,mixed,"3d animation, after effects, animation, graphic design, website design",fixed,348.0,worldwide,short-term,https://www.freelancer.com/projects/3d-animation/animated-interactive-website-character,other,5,Medium
Freelancer.com,Energetic YouTube Vlog Editor,mixed,"after effects, video editing, video production, video services, videography",fixed,7.0,worldwide,short-term,https://www.freelancer.com/projects/video-editing/energetic-youtube-vlog-editor,other,5,Low
Freelancer.com,Health & Wellness Blog Writer,mixed,"article rewriting, article writing, content writing, ghostwriting, seo",fixed,21.0,worldwide,short-term,https://www.freelancer.com/projects/articles/health-wellness-blog-writer-39509380,other,5,Low
Freelancer.com,Real Estate Website Design for USA,mixed,"graphic design, html, javascript, php, website design",fixed,109.0,worldwide,short-term,https://www.freelancer.com/projects/php/real-estate-website-design-39509379,other,5,Medium
Freelancer.com,Amazon Merch SEO Optimization,mixed,"copywriting, internet marketing, marketing, product descriptions, seo",fixed,323.0,worldwide,short-term,https://www.freelancer.com/projects/copywriting/amazon-merch-seo-optimization,other,5,Medium
Freelancer.com,Social Media Content Creator,mixed,"ghostwriting, google plus, pinterest, social networking, twitter",fixed,207.0,worldwide,short-term,https://www.freelancer.com/projects/ghostwriting/social-media-content-creator-39509347,other,5,Medium
Freelancer.com,Shopify-eSIM Integration Development,mixed,"html, javascript, php, shopify, shopify templates",fixed,535.0,worldwide,short-term,https://www.freelancer.com/projects/php/shopify-esim-integration-development,other,5,High
Freelancer.com,Sync & Fix WooCommerce and Social Shops -- 2,mixed,"facebook product catalog, google shopping, instagram, woocommerce, wordpress",fixed,88.0,worldwide,short-term,https://www.freelancer.com/projects/wordpress/sync-fix-woocommerce-social-shops-39509367,other,5,Low
Freelancer.com,Animated Interactive Website Character,mixed,"3d animation, after effects, animation, graphic design, website design",fixed,327.0,worldwide,short-term,https://www.freelancer.com/projects/3d-animation/animated-interactive-website-character,other,5,Medium
Freelancer.com,Energetic YouTube Vlog Editor,mixed,"after effects, video editing, video production, video services, videography",fixed,7.0,worldwide,short-term,https://www.freelancer.com/projects/video-editing/energetic-youtube-vlog-editor,other,5,Low
Freelancer.com,WordPress Homepage Styling,mixed,"css, html, php, website design, wordpress",fixed,28.0,worldwide,short-term,https://www.freelancer.com/projects/wordpress/wordpress-homepage-styling-39509349,other,5,Low
Freelancer.com,Modern Wooden Queen Bedframe,mixed,"autocad, building architecture, graphic design, interior design, logo design",fixed,69.0,worldwide,short-term,https://www.freelancer.com/projects/graphic-design/modern-wooden-queen-bedframe,other,5,Low
Freelancer.com,Sales Data Analysis,mixed,"excel, python, spss statistics, statistical analysis, statistics",fixed,11.0,worldwide,short-term,https://www.freelancer.com/projects/statistical-analysis/sales-data-analysis,other,5,Low
Freelancer.com,Revamp and Enhance www.etherealcolours.com Website,mixed,"content writing, ecommerce, web hosting, website design, website testing",fixed,1190.0,worldwide,short-term,https://www.freelancer.com/projects/content-writing/revamp-enhance-www-etherealcolours-com,other,5,High
Freelancer.com,Raha App Development,mixed,"graphic design, iphone, mobile app development, php",fixed,19.0,worldwide,short-term,https://www.freelancer.com/projects/mobile-app-development/raha-app-development,other,4,Low
Freelancer.com,Thailand only - Part-Time SEO Specialist for Fashion,mixed,"article writing, copywriting, internet marketing, link building, seo",fixed,93.0,worldwide,short-term,https://www.freelancer.com/projects/copywriting/thailand-only-part-time-seo,other,5,Low
Freelancer.com,Flutter WhatsApp Clone with whatsapp meta Business API,mixed,"flutter, graphic design, mobile app development, software architecture",fixed,111.0,worldwide,short-term,https://www.freelancer.com/projects/mobile-app-development/flutter-whatsapp-clone-with-whatsapp,other,4,Medium
Freelancer.com,Traditional Indian Wedding Video Editor,mixed,"after effects, video editing, video production, video services, videography",fixed,232.0,worldwide,short-term,https://www.freelancer.com/projects/video-editing/traditional-indian-wedding-video-editor,other,5,Medium
Freelancer.com,Urban Environment Animation in Maya -- 2,mixed,"3d animation, 3d modelling, 3d rendering, animation, maya",fixed,174.0,worldwide,short-term,https://www.freelancer.com/projects/rendering/urban-environment-animation-maya,other,5,Medium
Freelancer.com,Modern Minimalist Perfume Brand Design,mixed,"brochure design, corporate identity, covers & packaging, graphic design, logo design",fixed,3.0,worldwide,short-term,https://www.freelancer.com/projects/graphic-design/modern-minimalist-perfume-brand-design,other,5,Low
Freelancer.com,Repair and Optimize Two Websites,mixed,"internet marketing, link building, magento, network administration, php, seo, system administration, website optimization, wordpress",fixed,145.0,worldwide,short-term,https://www.freelancer.com/projects/internet-marketing/repair-optimize-two-websites,other,9,Medium
Freelancer.com,Website for ptsd/ mental health recognition and sesitivity workshop training and public speaking engagements,mixed,"graphic design, php, user interface / ia, website design, website development",fixed,996.0,worldwide,short-term,https://www.freelancer.com/projects/graphic-design/website-for-ptsd-mental-health,other,5,High
Freelancer.com,Deploy Existing Golang Project -- 4,mixed,"ethereum, golang, java, python, rust",fixed,53.0,worldwide,short-term,https://www.freelancer.com/projects/java/deploy-existing-golang-project-39509312,other,5,Low
Freelancer.com,Social Media Content Creator & Manager,mixed,"facebook marketing, graphic design, social media marketing, social networking, twitter",fixed,325.0,worldwide,short-term,https://www.freelancer.com/projects/facebook-marketing/social-media-content-creator-manager-39509310,other,5,Medium
Freelancer.com,Noise Levels Calculation,mixed,"environmental consulting, environmental engineering, environmental science, sound engineering, thermal & environmental testing",fixed,96.0,worldwide,short-term,https://www.freelancer.com/projects/environmental-engineering/noise-levels-calculation,other,5,Low
Freelancer.com,Minimalist Monogram Logo Design,mixed,"3d design, graphic design, illustrator, logo design, photoshop",fixed,15.0,worldwide,short-term,https://www.freelancer.com/projects/logo-design/minimalist-monogram-logo-design-39509306,other,5,Low
Freelancer.com,Modern Training Basketball Shoe Design,mixed,"fashion design, graphic design, photoshop, t-shirts, website design",fixed,346.0,worldwide,short-term,https://www.freelancer.com/projects/graphic-design/modern-training-basketball-shoe-design,other,5,Medium
Freelancer.com,E-commerce Mobile Store Optimization Specialist,mixed,"facebook marketing, google analytics, google shopping, internet marketing, link building",fixed,99.0,worldwide,short-term,https://www.freelancer.com/projects/facebook-marketing/commerce-mobile-store-optimization,other,5,Low
Freelancer.com,Vintage Wedding Photo Editing,mixed,"adobe lightroom, graphic design, photo editing, photoshop, photoshop design",fixed,9.0,worldwide,short-term,https://www.freelancer.com/projects/adobe-lightroom/vintage-wedding-photo-editing-39509282,other,5,Low
Freelancer.com,All-in-One Agency Website Design,mixed,"graphic design, html, logo design, php, website design",fixed,104.0,worldwide,short-term,https://www.freelancer.com/projects/website-design/all-one-agency-website-design,other,5,Medium
Freelancer.com,Creative Webflow Portfolio Design,mixed,"css, html, html5, javascript, website design",fixed,36.0,worldwide,short-term,https://www.freelancer.com/projects/website-design/creative-webflow-portfolio-design-39509299,other,5,Low
Freelancer.com,Restore WordPress Site,mixed,"css, html, php, website design, wordpress",fixed,32.0,worldwide,short-term,https://www.freelancer.com/projects/wordpress/restore-wordpress-site-39509301,other,5,Low
Freelancer.com,Bilingual image and pdf -- 2,mixed,"flyer design, graphic design, illustrator, photoshop, photoshop design",fixed,371.0,worldwide,short-term,https://www.freelancer.com/projects/graphic-design/bilingual-image-pdf,other,5,Medium
Freelancer.com,Intel-based Routing Software Development,mixed,"computer security, internet security, linux, network administration, system admin",fixed,515.0,worldwide,short-term,https://www.freelancer.com/projects/linux/intel-based-routing-software-development,other,5,High
Freelancer.com,Messaging Automation Website Development,mixed,"html, javascript, node.js, php, website design",fixed,121.0,worldwide,short-term,https://www.freelancer.com/projects/php/messaging-automation-website-development,other,5,Medium
Freelancer.com,Vibrant Brand Awareness Video,mixed,"after effects, animation, graphic design, video editing, video services",fixed,11.0,worldwide,short-term,https://www.freelancer.com/projects/animation/vibrant-brand-awareness-video,other,5,Low
Freelancer.com,Health & Wellness Article Editor,mixed,"article rewriting, article writing, editing, ghostwriting, proofreading",fixed,217.0,worldwide,short-term,https://www.freelancer.com/projects/articles/health-wellness-article-editor,other,5,Medium
Freelancer.com,Local SEO for Video Production,mixed,"internet marketing, link building, marketing, search engine marketing, seo",fixed,52.0,worldwide,short-term,https://www.freelancer.com/projects/seo/local-seo-for-video-production,other,5,Low
Freelancer.com,Create a Unique AI-Generated Video for a Marketing Campaign,mixed,"3d animation, animation, artificial intelligence, chatgpt, graphic design",fixed,250.0,worldwide,short-term,https://www.freelancer.com/contest/create-a-unique-aigenerated-video-for-a-marketing-campaign-2574010,other,5,Medium
Freelancer.com,"""Professional Hindi Story Writer — Emotional & Engaging Narratives"" - 14/06/2025 01:26 EDT",mixed,"content writing, fiction, ghostwriting",fixed,408.0,worldwide,short-term,https://www.freelancer.com/projects/content-writing/professional-hindi-story-writer-39509258,other,3,Medium
Freelancer.com,2D Animated Romantic AMV,mixed,"adobe flash, after effects, animation, graphic design, storyboard",fixed,124.0,worldwide,short-term,https://www.freelancer.com/projects/animation/animated-romantic-amv,other,5,Medium
Freelancer.com,WoW Feature Promo Videos,mixed,"after effects, video editing, video production, video services, videography",fixed,111.0,worldwide,short-term,https://www.freelancer.com/projects/video-editing/wow-feature-promo-videos,other,5,Medium
Freelancer.com,Yii Expert for Booking Flow and otherfeatures to impement,mixed,"mysql, php, website design, yii, yii2",fixed,107.0,worldwide,short-term,https://www.freelancer.com/projects/php/yii-expert-for-booking-flow,other,5,Medium
Freelancer.com,Tech CV with Infographics,mixed,"brochure design, graphic design, illustrator, infographics, photoshop",fixed,13.0,worldwide,short-term,https://www.freelancer.com/projects/graphic-design/tech-with-infographics,other,5,Low
Freelancer.com,"Wedding photos need to be photoshopped. Faces, smiles, eyes need to be fixed.",mixed,"adobe lightroom, photo editing, photography, photoshop, photoshop design",fixed,72.0,worldwide,short-term,https://www.freelancer.com/projects/photoshop/wedding-photos-need-photoshopped-faces,other,5,Low
Freelancer.com,Modern Minimalist Sport Logo Design,mixed,"graphic design, illustration, illustrator, logo design, photoshop",fixed,82.0,worldwide,short-term,https://www.freelancer.com/contest/modern-minimalist-sport-logo-design-2574298,other,5,Low
Freelancer.com,Attractive CV Making  - 14/06/2025 01:33 EDT,mixed,"google canvas, word",fixed,5.0,worldwide,short-term,https://www.freelancer.com/contest/attractive-cv-making-edt-2574296,other,2,Low
Freelancer.com,Connect with Indian Micro-Influencers,mixed,"instagram, instagram marketing, internet marketing, marketing, social media marketing",fixed,29.0,worldwide,short-term,https://www.freelancer.com/projects/social-media-marketing/connect-with-indian-micro-influencers,other,5,Low
Freelancer.com,Portfolio Website with Python Web App -- 2,mixed,"html, php, python, website design, wordpress",fixed,91.0,worldwide,short-term,https://www.freelancer.com/projects/python/portfolio-website-with-python-web-39509266,other,5,Low
Freelancer.com,NFT Marketplace Development -- 2,mixed,"blockchain, full stack development, next.js, smart contracts, web3.js",fixed,37.0,worldwide,short-term,https://www.freelancer.com/projects/blockchain/nft-marketplace-development-39509265,other,5,Low
Freelancer.com,Cricket Goods Website Banner Design,mixed,"3d design, banner design, graphic design, photoshop, website design",fixed,59.0,worldwide,short-term,https://www.freelancer.com/projects/3d-design/cricket-goods-website-banner-design,other,5,Low
Freelancer.com,Manual Data Entry Specialist Needed,mixed,"copy typing, data entry, excel, pdf, word",fixed,11.0,worldwide,short-term,https://www.freelancer.com/projects/data-entry/manual-data-entry-specialist-needed-39509264,other,5,Low
Freelancer.com,Portfolio Website with Python Web App -- 2,mixed,"html, php, python, website design, wordpress",fixed,91.0,worldwide,short-term,https://www.freelancer.com/projects/python/portfolio-website-with-python-web-39509266,other,5,Low
Freelancer.com,NFT Marketplace Development -- 2,mixed,"blockchain, full stack development, next.js, smart contracts, web3.js",fixed,37.0,worldwide,short-term,https://www.freelancer.com/projects/blockchain/nft-marketplace-development-39509265,other,5,Low
Freelancer.com,Cricket Goods Website Banner Design,mixed,"3d design, banner design, graphic design, photoshop, website design",fixed,58.0,worldwide,short-term,https://www.freelancer.com/projects/3d-design/cricket-goods-website-banner-design,other,5,Low
Freelancer.com,Manual Data Entry Specialist Needed,mixed,"copy typing, data entry, excel, pdf, word",fixed,11.0,worldwide,short-term,https://www.freelancer.com/projects/data-entry/manual-data-entry-specialist-needed-39509264,other,5,Low
Freelancer.com,Educational Instagram Content Creation,mixed,"article writing, blog, content writing, copywriting, ghostwriting",fixed,71.0,worldwide,short-term,https://www.freelancer.com/projects/content-writing/educational-instagram-content-creation,other,5,Low
Freelancer.com,Wix E-commerce Store Development,mixed,"ecommerce, graphic design, html, php, website design",fixed,242.0,worldwide,short-term,https://www.freelancer.com/projects/website-design/wix-commerce-store-development,other,5,Medium
Freelancer.com,Family Retirement Video Creation,mixed,"after effects, video editing, video production, video services, videography",fixed,101.0,worldwide,short-term,https://www.freelancer.com/projects/video-editing/family-retirement-video-creation,other,5,Medium
Freelancer.com,FreePBX Integration Specialist,mixed,"asterisk pbx, linux, php, software architecture, voip",fixed,10.0,worldwide,short-term,https://www.freelancer.com/projects/asterisk-pbx/freepbx-integration-specialist,other,5,Low
Freelancer.com,Tally Integration of Bank Statements,mixed,"accounting, data entry, excel, finance",fixed,85.0,worldwide,short-term,https://www.freelancer.com/projects/accounting/tally-integration-bank-statements,other,4,Low
Freelancer.com,Strapi v4 to v5 Upgrade,mixed,"next.js, strapi",fixed,519.0,worldwide,short-term,https://www.freelancer.com/projects/nextjs/strapi-upgrade,other,2,High
Freelancer.com,Female Editor for Short Story,mixed,"article writing, content writing, creative writing, ghostwriting, proofreading",fixed,10.0,worldwide,short-term,https://www.freelancer.com/projects/proofreading/female-editor-for-short-story,other,5,Low
Freelancer.com,"Google ads, facebook ads, instagram ads",mixed,"advertising, facebook marketing, google adwords, internet marketing, social media marketing",fixed,364.0,worldwide,short-term,https://www.freelancer.com/projects/internet-marketing/google-ads-facebook-ads-instagram-39509247,other,5,Medium
Freelancer.com,2D Motion Graphics Animation,mixed,"3d animation, after effects, animation, illustration, motion graphics",fixed,77.0,worldwide,short-term,https://www.freelancer.com/projects/animation/motion-graphics-animation-39509242,other,5,Low
Freelancer.com,SEO & Conversion Optimization for Travel Site,mixed,"internet marketing, link building, marketing, search engine marketing, seo",fixed,59.0,worldwide,short-term,https://www.freelancer.com/projects/seo/seo-conversion-optimization-for-travel,other,5,Low
Freelancer.com,Simple Laravel Video Website Development - Milestone Based【150 USD 3 Weeks 】,mixed,"graphic design, laravel, mysql, website design",fixed,166.0,worldwide,short-term,https://www.freelancer.com/projects/laravel/simple-laravel-video-website-development,other,4,Medium
Freelancer.com,Comprehensive Activewear Tech Pack Creation,mixed,"adobe illustrator, fashion design, fashion modeling, graphic design, product design",fixed,333.0,worldwide,short-term,https://www.freelancer.com/projects/fashion-design/comprehensive-activewear-tech-pack,other,5,Medium
Freelancer.com,B2B Sales Agent for Cocopeat Products,mixed,"communications, marketing, physical site survey, sales, seo",fixed,137.0,worldwide,short-term,https://www.freelancer.com/projects/sales/sales-agent-for-cocopeat-products,other,5,Medium
Freelancer.com,Modern 2BHK Interior Design with 3D Walkthrough,mixed,"3d animation, 3d modelling, 3d rendering, 3ds max, interior design",fixed,87.0,worldwide,short-term,https://www.freelancer.com/projects/interior-design/modern-bhk-interior-design-with,other,5,Low
Freelancer.com,Modern Red Media Logo Design,mixed,"3d design, graphic design, logo design, photoshop, photoshop design",fixed,12.0,worldwide,short-term,https://www.freelancer.com/projects/logo-design/modern-red-media-logo-design,other,5,Low
Freelancer.com,B2B Sales Agent in China,mixed,"internet marketing, market research, marketing, research, sales",fixed,118.0,worldwide,short-term,https://www.freelancer.com/projects/market-research/sales-agent-china,other,5,Medium
Freelancer.com,Sportswear Clothing Line Design,mixed,"fashion design, graphic design, illustration, illustrator, product design",fixed,90.0,worldwide,short-term,https://www.freelancer.com/projects/graphic-design/sportswear-clothing-line-design,other,5,Low
Freelancer.com,"Versatile Graphic Designer for Ongoing, Sporadic Hourly Engagement",mixed,"adobe illustrator, branding, flyer design, powerpoint, wordpress",fixed,14.0,worldwide,short-term,https://www.freelancer.com/projects/adobe-illustrator/versatile-graphic-designer-for-ongoing,other,5,Low
Freelancer.com,Startup Business Development Expert,mixed,"business analysis, business plans, business writing, market research, research writing",fixed,18.0,worldwide,short-term,https://www.freelancer.com/projects/business-analysis/startup-business-development-expert,other,5,Low
Freelancer.com,CNC Programmer for Titanium Milling,mixed,"bluetooth low energy (ble), electronics, pcb layout, product design, software architecture",fixed,2147.0,worldwide,short-term,https://www.freelancer.com/projects/bluetooth-low-energy/cnc-programmer-for-titanium-milling,other,5,High
Freelancer.com,Portfolio Website with Python Web App,mixed,"html, php, python, website design, wordpress",fixed,80.0,worldwide,short-term,https://www.freelancer.com/projects/python/portfolio-website-with-python-web,other,5,Low
Freelancer.com,KiCad Mixed-Signal Circuit Design,mixed,"arduino, electrical engineering, electronics, microcontroller, pcb layout",fixed,108.0,worldwide,short-term,https://www.freelancer.com/projects/arduino/kicad-mixed-signal-circuit-design,other,5,Medium
Freelancer.com,Bookshelf Web-Based Platform Development,mixed,"css, html, javascript, website design",fixed,13.0,worldwide,short-term,https://www.freelancer.com/projects/html/bookshelf-web-based-platform-development,other,4,Low
Freelancer.com,Automated Machinery Structural Design,mixed,"ansys, autocad, cad/cam, mechanical engineering, solidworks",fixed,221.0,worldwide,short-term,https://www.freelancer.com/projects/ansys/automated-machinery-structural-design,other,5,Medium
Freelancer.com,Automated Sports Arbitrage Finder -- 3,mixed,"c programming, javascript, php, python, software architecture",fixed,137.0,worldwide,short-term,https://www.freelancer.com/projects/php/automated-sports-arbitrage-finder-39509214,other,5,Medium
Freelancer.com,Envato Subscription Access for Video Content,mixed,"adobe flash, video broadcasting, videography",fixed,36.0,worldwide,short-term,https://www.freelancer.com/projects/video-broadcasting/envato-subscription-access-for-video,other,3,Low
Freelancer.com,Traditional HYBRID PADDY & MAIZE Seed Bags Design,mixed,"brochure design, corporate identity, covers & packaging, graphic design, logo design",fixed,15.0,worldwide,short-term,https://www.freelancer.com/projects/graphic-design/traditional-hybrid-paddy-maize-seed,other,5,Low
Freelancer.com,Chanana Real Estate Premium Framer Web Design,mixed,"framer, javascript, ui / user interface, ux / user experience, website design",fixed,88.0,worldwide,short-term,https://www.freelancer.com/projects/website-design/chanana-real-estate-premium-framer,other,5,Low
Freelancer.com,Client Document Rewrite. - 14/06/2025 00:39 EDT,mixed,"editorial design, website development",fixed,3.0,worldwide,short-term,https://www.freelancer.com/projects/editorial-design/client-document-rewrite-edt,other,2,Low
Freelancer.com,Social Media Graphics Design - 14/06/2025 00:41 EDT,mixed,"banner design, graphic design, illustrator, logo design, photoshop",fixed,33.0,worldwide,short-term,https://www.freelancer.com/projects/banner-design/social-media-graphics-design-edt-39509194,other,5,Low
Freelancer.com,Ethical Construction & Real Estate Logo,mixed,"3d design, graphic design, illustrator, logo design, photoshop",fixed,21.0,worldwide,short-term,https://www.freelancer.com/projects/logo-design/ethical-construction-real-estate-logo,other,5,Low
Freelancer.com,"Wall Retrofit Documentation for Inspection, very simple work since everything else of the structure has passed inspection -- 3",mixed,"autocad, cad/cam, civil engineering, engineering",fixed,96.0,worldwide,short-term,https://www.freelancer.com/projects/engineering/wall-retrofit-documentation-for-39509205,other,4,Low
Freelancer.com,Marketing Asset Library Development. id250613,mixed,"brand management, content development, corporate identity, marketing, marketing strategy",fixed,110.0,worldwide,short-term,https://www.freelancer.com/projects/marketing/marketing-asset-library-development,other,5,Medium
Freelancer.com,Fast and Accurate Data Entry Specialist,mixed,"copy typing, data entry, data processing, excel, word",fixed,67.0,worldwide,short-term,https://www.freelancer.com/projects/excel/fast-accurate-data-entry-specialist-39509197,other,5,Low
Freelancer.com,Format 22 Image Pages into Word Document (₹250 Budget – 2 Hours Deadline),mixed,"graphic design, pdf, photoshop, powerpoint, word",fixed,2.0,worldwide,short-term,https://www.freelancer.com/projects/word/format-image-pages-into-word,other,5,Low
Freelancer.com,Urban Environment Animation in Maya,mixed,"3d animation, 3d modelling, 3d rendering, animation, maya",fixed,6.0,worldwide,short-term,https://www.freelancer.com/projects/3d-modelling/urban-environment-animation-maya,other,5,Low
Freelancer.com,Classic Timeless E-commerce Logo Design,mixed,"3d design, graphic design, logo design, photoshop",fixed,39.0,worldwide,short-term,https://www.freelancer.com/contest/classic-timeless-ecommerce-logo-design-2573750,other,4,Low
Freelancer.com,Amazon Seller Setup Expert,mixed,"amazon web services, data entry, data processing, web search",fixed,88.0,worldwide,short-term,https://www.freelancer.com/projects/amazon-web-services/amazon-seller-setup-expert-39509184,other,4,Low
Freelancer.com,Website UX Overhaul,mixed,"html, php, user interface / ia, ux / user experience, website design",fixed,13.0,worldwide,short-term,https://www.freelancer.com/projects/graphic-design/website-overhaul-39509185,other,5,Low
Freelancer.com,Hindi & English Data Entry Specialist,mixed,"copy typing, data entry, excel, virtual assistant, word",fixed,31.0,worldwide,short-term,https://www.freelancer.com/projects/data-entry/hindi-english-data-entry-specialist,other,5,Low
Freelancer.com,Ionic/Angular Hybrid App Setup & Training,mixed,"angularjs, html5, ionic framework, mobile app development, phonegap",fixed,173.0,worldwide,short-term,https://www.freelancer.com/projects/angular-js/ionic-angular-hybrid-app-setup,other,5,Medium
Freelancer.com,Healthcare Work Log Book Creation,mixed,"book writing, medical writing",fixed,84.0,worldwide,short-term,https://www.freelancer.com/projects/medical-writing/healthcare-work-log-book-creation,other,2,Low
Freelancer.com,Outlook Email Recovery,mixed,"email handling, email marketing, microsoft, microsoft exchange, microsoft outlook",fixed,21.0,worldwide,short-term,https://www.freelancer.com/projects/email-handling/outlook-email-recovery,other,5,Low
Freelancer.com,Historic Book Cover Design,mixed,"brochure design, graphic design, illustrator, logo design, photoshop",fixed,60.0,worldwide,short-term,https://www.freelancer.com/projects/graphic-design/historic-book-cover-design,other,5,Low
Freelancer.com,Interactive Quiz Creation Platform,mixed,"css, graphic design, html, javascript, website design",fixed,1202.0,worldwide,short-term,https://www.freelancer.com/projects/website-design/interactive-quiz-creation-platform,other,5,High
Freelancer.com,Full Stack Developer – Node.js / Next.js / PostgreSQL / MongoDB / React / Linux,mixed,"javascript, linux, next.js, node.js, nosql couch & mongo, rest api, socket io",fixed,906.0,worldwide,short-term,https://www.freelancer.com/projects/nodejs/full-stack-developer-node-next,other,7,High
Freelancer.com,Referral application on Bubble.io,mixed,"bubble developer, html, javascript, mysql, php",fixed,19.0,worldwide,short-term,https://www.freelancer.com/projects/bubble-developer/referral-application-bubble,other,5,Low
Freelancer.com,Client Document Rewrite.,mixed,"editorial design, website development",fixed,2.0,worldwide,short-term,https://www.freelancer.com/projects/editorial-design/client-document-rewrite,other,2,Low
Freelancer.com,Backend Developer Needed to Integrate Leonardo.ai API with Face Swapping Support for iOS App,mixed,"express js, laravel, node.js, php, python",fixed,265.0,worldwide,short-term,https://www.freelancer.com/projects/php/backend-developer-needed-integrate,other,5,Medium
Freelancer.com,Temporary Employee Management Portal,mixed,"html, mysql, php, wordpress",fixed,220.0,worldwide,short-term,https://www.freelancer.com/projects/php/temporary-employee-management-portal,other,4,Medium
Freelancer.com,Transform Face Photos,mixed,"illustration, illustrator, photo editing, photography, photoshop",fixed,78.0,worldwide,short-term,https://www.freelancer.com/projects/photoshop/transform-face-photos,other,5,Low
Freelancer.com,Minimalistic Testimonial Slider,mixed,"graphic design, html, javascript, php, website design",fixed,10.0,worldwide,short-term,https://www.freelancer.com/projects/graphic-design/minimalistic-testimonial-slider-39509138,other,5,Low
Freelancer.com,Serious Historical Documentary Editing,mixed,"after effects, animation, editing, video editing, video production",fixed,4.0,worldwide,short-term,https://www.freelancer.com/projects/video-editing/serious-historical-documentary-editing,other,5,Low
Freelancer.com,Minimalistic Testimonial Slider,mixed,"graphic design, html5, javascript, php, website design",fixed,10.0,worldwide,short-term,https://www.freelancer.com/projects/php/minimalistic-testimonial-slider,other,5,Low
Freelancer.com,Sports Betting App Development,mixed,"android, graphic design, iphone, mobile app development, user interface / ia",fixed,242.0,worldwide,short-term,https://www.freelancer.com/projects/iphone-app-development/sports-betting-app-development-39509146,other,5,Medium
Freelancer.com,Anesthesiology Personal Statement,mixed,"essay writing, medical writing",fixed,20.0,worldwide,short-term,https://www.freelancer.com/projects/essay-writing/anesthesiology-personal-statement,other,2,Low
Freelancer.com,Spotify Usability Test,mixed,"android, audio services, iphone, mobile app development, testing / qa",fixed,21.0,worldwide,short-term,https://www.freelancer.com/projects/android/spotify-usability-test,other,5,Low
Freelancer.com,Elegant Logo Redesign for Beads for Bubs,mixed,"3d design, graphic design, illustrator, logo design, photoshop",fixed,32.0,worldwide,short-term,https://www.freelancer.com/contest/elegant-logo-redesign-for-beads-for-bubs-2574264,other,5,Low
Freelancer.com,3D Action Game Development on Unity,mixed,"game development, unity, unity 3d",fixed,20.0,worldwide,short-term,https://www.freelancer.com/projects/unity-3d/action-game-development-unity-39509142,other,3,Low
Freelancer.com,Lynx Machine Tools Logo Design,mixed,"graphic design, illustrator, logo design, photoshop",fixed,32.0,worldwide,short-term,https://www.freelancer.com/contest/lynx-machine-tools-logo-design-2574261,other,4,Low
Freelancer.com,Audio Enhancement and Assessment for Specific Conversations in a Clip,mixed,"audio production, audio services, editing, sound design, video editing",fixed,106.0,worldwide,short-term,https://www.freelancer.com/projects/audio-production/audio-enhancement-assessment-for,other,5,Medium
Freelancer.com,"I need a full redesign of my web dashboard in Figma — clean, modern, and creative, with a fast turnaround.",mixed,"graphic design, html, user interface / ia, website design",fixed,146.0,worldwide,short-term,https://www.freelancer.com/projects/graphic-design/need-full-redesign-web-dashboard,other,4,Medium
Freelancer.com,Data Analysis and Visualization Specialist - YOUR BID IS YOUR FINAL PRICE,mixed,"business analysis, data entry, data mining, data processing, excel",fixed,13.0,worldwide,short-term,https://www.freelancer.com/projects/business-analysis/data-analysis-visualization-specialist,other,5,Low
Freelancer.com,Custom Android Dialer App Development,mixed,"android, java, mobile app development, software architecture",fixed,295.0,worldwide,short-term,https://www.freelancer.com/projects/android/custom-android-dialer-app-development,other,4,Medium
Freelancer.com,iOS App Performance Fix,mixed,"ipad, iphone, mobile app development, objective c, swift",fixed,73.0,worldwide,short-term,https://www.freelancer.com/projects/iphone-app-development/ios-app-performance-fix,other,5,Low
Freelancer.com,Tour Guide Tipping Web App MVP,mixed,"graphic design, html, mobile app development, php, website design",fixed,335.0,worldwide,short-term,https://www.freelancer.com/projects/php/tour-guide-tipping-web-app,other,5,Medium
Freelancer.com,Laravel - Fixing on the existing form and check 1 api issue,mixed,"html, laravel, mysql, php, software architecture",fixed,16.0,worldwide,short-term,https://www.freelancer.com/projects/php/laravel-fixing-the-existing-form,other,5,Low
Freelancer.com,Social Media Graphics Design - 13/06/2025 23:44 EDT,mixed,"banner design, graphic design, illustrator, logo design, photoshop",fixed,35.0,worldwide,short-term,https://www.freelancer.com/projects/banner-design/social-media-graphics-design-edt,other,5,Low
Freelancer.com,Website with Invoicing System,mixed,"book artist, graphic design, illustrator, invoicing, website design",fixed,125.0,worldwide,short-term,https://www.freelancer.com/projects/website-design/website-with-invoicing-system,other,5,Medium
Freelancer.com,M1 Garand Silhouette Logo Design,mixed,"graphic design, illustration, illustrator, logo design, photoshop",fixed,85.0,worldwide,short-term,https://www.freelancer.com/projects/logo-design/garand-silhouette-logo-design,other,5,Low
Freelancer.com,Go High Level Survey Troubleshooting,mixed,"crm, web development",fixed,140.0,worldwide,short-term,https://www.freelancer.com/projects/crm/high-level-survey-troubleshooting,other,2,Medium
Freelancer.com,Dental Case Letter Refinement,mixed,"article rewriting, editing, english grammar, proofreading, research writing",fixed,90.0,worldwide,short-term,https://www.freelancer.com/projects/proofreading/dental-case-letter-refinement,other,5,Low
Freelancer.com,Modern WordPress Portfolio Site,mixed,"graphic design, html, php, website design, wordpress",fixed,165.0,worldwide,short-term,https://www.freelancer.com/projects/website-design/modern-wordpress-portfolio-site,other,5,Medium
Freelancer.com,I need a unity developer for two projects,mixed,"c# programming, game development, iphone, mobile app development, unity 3d",fixed,15.0,worldwide,short-term,https://www.freelancer.com/projects/unity-3d/need-unity-developer-for-two,other,5,Low
Freelancer.com,Negative News Removal Specialist,mixed,"advertising, article writing, content writing, ghostwriting, seo",fixed,215.0,worldwide,short-term,https://www.freelancer.com/projects/seo/negative-news-removal-specialist,other,5,Medium
Freelancer.com,Math & MATLAB Expert for Nonlinear Data,mixed,"algorithm, electrical engineering, engineering, mathematics, matlab and mathematica",fixed,972.0,worldwide,short-term,https://www.freelancer.com/projects/matlab-mathematica/math-matlab-expert-for-nonlinear,other,5,High
Freelancer.com,Privacy-First Content Sharing App Development -- 2,mixed,"ai mobile app development, android, google firebase, iphone, react native",fixed,7253.0,worldwide,short-term,https://www.freelancer.com/projects/android/privacy-first-content-sharing-app,other,5,High
Freelancer.com,Elevate 'Secluded Shores Glamping' Logo,mixed,"3d design, graphic design, illustrator, logo design, photoshop",fixed,80.0,worldwide,short-term,https://www.freelancer.com/contest/elevate-secluded-shores-glamping-logo-2574254,other,5,Low
Freelancer.com,Kerbal Space Program 2 Flag Design,mixed,"graphic design, illustration, illustrator, logo design, photoshop",fixed,32.0,worldwide,short-term,https://www.freelancer.com/contest/kerbal-space-program-flag-design-2574257,other,5,Low
Freelancer.com,"Custom PHP Coder, Junior Level Work Needed",mixed,"html, javascript, mysql, php, website design",fixed,5.0,worldwide,short-term,https://www.freelancer.com/projects/php/custom-php-coder-junior-level-39509105,other,5,Low
Freelancer.com,Social Media Graphics Design,mixed,"banner design, graphic design, illustrator, logo design, photoshop",fixed,34.0,worldwide,short-term,https://www.freelancer.com/projects/banner-design/social-media-graphics-design-39509081,other,5,Low
Freelancer.com,High-Authority Backlink SEO Specialist,mixed,"internet marketing, link building, marketing, search engine marketing, seo",fixed,307.0,worldwide,short-term,https://www.freelancer.com/projects/seo/high-authority-backlink-seo-specialist,other,5,Medium
Freelancer.com,GTA-Style Mobile Game,mixed,"android, game design, game development, mobile app development, unity 3d",fixed,1461.0,worldwide,short-term,https://www.freelancer.com/projects/unity-3d/gta-style-mobile-game,other,5,High
Freelancer.com,Shopify Dropshipping Store Development,mixed,"ecommerce, graphic design, html, shopping cart integration, website design",fixed,97.0,worldwide,short-term,https://www.freelancer.com/projects/website-design/shopify-dropshipping-store-development-39509089,other,5,Low
Freelancer.com,Finance Website & Digital Marketing,mixed,"facebook marketing, internet marketing, link building, seo, social media marketing",fixed,619.0,worldwide,short-term,https://www.freelancer.com/projects/facebook-marketing/finance-website-digital-marketing,other,5,High
Freelancer.com,Traditional Deck/Porch Renovation,mixed,"3d modelling, autocad, building architecture, home design, interior design",fixed,23.0,worldwide,short-term,https://www.freelancer.com/projects/building-architecture/traditional-deck-porch-renovation,other,5,Low
Freelancer.com,Modern Single-Family House Plans,mixed,"3d rendering, autocad, engineering, home design",fixed,611.0,worldwide,short-term,https://www.freelancer.com/projects/autocad/modern-single-family-house-plans,other,4,High
Freelancer.com,Health & Wellness Blog Posts,mixed,"article writing, content writing, internet marketing, link building, seo",fixed,31.0,worldwide,short-term,https://www.freelancer.com/projects/articles/health-wellness-blog-posts-39509046,other,5,Low
Freelancer.com,Airbnb Listing Optimization Expert Needed,mixed,"copywriting, creative writing, internet marketing, marketing, seo",fixed,18.0,worldwide,short-term,https://www.freelancer.com/projects/copywriting/airbnb-listing-optimization-expert,other,5,Low
Freelancer.com,Scale Solid Edge Part File -- 2,mixed,"manufacturing design, product design",fixed,11.0,worldwide,short-term,https://www.freelancer.com/projects/scale-solid-edge-part-file-39509075,other,2,Low
Freelancer.com,"[Kobe, Japan] Hiring specimen collector for pre-employment drug testing  -- 3",mixed,"communications, local job, odd jobs",fixed,130.0,worldwide,short-term,https://www.freelancer.com/projects/odd-jobs/kobe-japan-hiring-specimen-collector,other,3,Medium
Freelancer.com,Scale Solid Edge Part File,mixed,"manufacturing design, product design",fixed,9.0,worldwide,short-term,https://www.freelancer.com/projects/scale-solid-edge-part-file,other,2,Low
Freelancer.com,"[Kobe, Japan] Hiring specimen collector for pre-employment drug testing  -- 2",mixed,"communications, local job, odd jobs",fixed,130.0,worldwide,short-term,https://www.freelancer.com/projects/kobe-japan-hiring-specimen-collector,other,3,Medium
Freelancer.com,"[Milton keynes, England] Hiring specimen collector for pre-employment drug testing",mixed,"communications, local job, odd jobs",fixed,60.0,worldwide,short-term,https://www.freelancer.com/projects/communications/milton-keynes-england-hiring-specimen,other,3,Low
Freelancer.com,Personal Interview Videography,mixed,"after effects, video editing, video production, video services, videography",fixed,1500.0,worldwide,short-term,https://www.freelancer.com/projects/after-effects/personal-interview-videography,other,5,High
Freelancer.com,AAVE Sci-Fi Narration -- 2,mixed,"audio production, audio services, music, sound design, voice talent",fixed,935.0,worldwide,short-term,https://www.freelancer.com/projects/voice-talent/aave-sci-narration,other,5,High
Freelancer.com,AAVE Sci-Fi Narration,mixed,"audio production, audio services, music, sound design, voice talent",fixed,1062.0,worldwide,short-term,https://www.freelancer.com/projects/aave-sci-narration-fix,other,5,High
Freelancer.com,Service App Development,mixed,"graphic design, mobile app development, mysql, php, website design",fixed,614.0,worldwide,short-term,https://www.freelancer.com/projects/php/service-app-development-39509062,other,5,High
Freelancer.com,Architectural Renovation Drafting,mixed,"autocad, building architecture, cad/cam, drafting, home design",fixed,330.0,worldwide,short-term,https://www.freelancer.com/projects/autocad/architectural-renovation-drafting,other,5,Medium
Freelancer.com,Professional Photographer Needed in Brisbane,mixed,"adobe lightroom, photo editing, photography, photoshop, photoshop design",fixed,26.0,worldwide,short-term,https://www.freelancer.com/projects/photo-editing/professional-photographer-needed-39509060,other,5,Low
Freelancer.com,Comprehensive AI-Powered Mobile App Development,mixed,"django, git, java, mysql, python",fixed,357.0,worldwide,short-term,https://www.freelancer.com/projects/python/comprehensive-powered-mobile-app,other,5,Medium
Freelancer.com,Design and create a complex historical Tree structure using Photoshop or similar tools,mixed,"banner design, graphic design, illustrator, photoshop, photoshop design",fixed,55.0,worldwide,short-term,https://www.freelancer.com/projects/banner-design/design-create-complex-historical-tree,other,5,Low
Freelancer.com,Pet trading site for popular game in game pets (not nfts),mixed,"game development, graphic design, website design",fixed,95.0,worldwide,short-term,https://www.freelancer.com/projects/website-design/pet-trading-site-for-popular,other,3,Low
Freelancer.com,Youth Program Videographer and Media Expert Needed,mixed,"instagram, internet marketing, local job, photography, social media marketing, videography",fixed,3000.0,worldwide,short-term,https://www.freelancer.com/projects/videography/youth-program-videographer-media-expert,other,6,High
Freelancer.com,Modern Welding Logo Design,mixed,"3d design, graphic design, illustrator, logo design, photoshop",fixed,84.0,worldwide,short-term,https://www.freelancer.com/projects/logo-design/modern-welding-logo-design,other,5,Low
Freelancer.com,Civic Loop Logo & Icon Design,mixed,"graphic design, icon design, illustrator, logo design, photoshop",fixed,64.0,worldwide,short-term,https://www.freelancer.com/contest/civic-loop-logo-amp-icon-design-2574237,other,5,Low
Freelancer.com,Publish My Android App,mixed,"android, iphone, java, mobile app development, php",fixed,395.0,worldwide,short-term,https://www.freelancer.com/projects/android/publish-android-app-39509027,other,5,Medium
Freelancer.com,Flutter Developer for Health Metrics App,mixed,"android, flutter, iphone, mobile app development, postgresql",fixed,1189.0,worldwide,short-term,https://www.freelancer.com/projects/mobile-app-development/flutter-developer-for-health-metrics,other,5,High
Freelancer.com,Vintage-Inspired Fashion Brand Logo,mixed,"graphic design, icon design, illustrator, logo design, photoshop",fixed,122.0,worldwide,short-term,https://www.freelancer.com/contest/vintageinspired-fashion-brand-logo-2574233,other,5,Medium
Freelancer.com,Next.js Development(frontend and backend) Internship,mixed,"full stack development, mern, mern stack, mongodb, next.js",fixed,124.0,worldwide,short-term,https://www.freelancer.com/projects/mongodb/next-development-frontend-backend,other,5,Medium
Freelancer.com,I am looking to recruit a digital marketing expert for a project called Titan Nine,mixed,"advertising, facebook marketing, internet marketing, social media marketing, social networking",fixed,1101.0,worldwide,short-term,https://www.freelancer.com/projects/social-media-marketing/looking-recruit-digital-marketing-expert,other,5,High
Freelancer.com,Engaging Promo Video Edit,mixed,"editing, video services, videography",fixed,228.0,worldwide,short-term,https://www.freelancer.com/projects/editing/engaging-promo-video-edit,other,3,Medium
Freelancer.com,Minimalist Brand Identity Logo,mixed,"corporate identity, graphic design, illustrator, logo design, photoshop",fixed,11.0,worldwide,short-term,https://www.freelancer.com/projects/logo-design/minimalist-brand-identity-logo-39509020,other,5,Low
Freelancer.com,Set Up Make (Integromat) Make for Webflow & Memberstack -- 2,mixed,"html, javascript, make.com, php, webflow",fixed,188.0,worldwide,short-term,https://www.freelancer.com/projects/php/set-make-integromat-make-for-39509021,other,5,Medium
Freelancer.com,MIUI Dialer Installation on Xiaomi 14,mixed,"android, asterisk pbx, mobile app development, voice talent, voip",fixed,17.0,worldwide,short-term,https://www.freelancer.com/projects/voip/miui-dialer-installation-xiaomi,other,5,Low
Freelancer.com,Pizza Restaurant Logo Design,mixed,"graphic design, illustration, illustrator, logo design, photoshop",fixed,35.0,worldwide,short-term,https://www.freelancer.com/contest/pizza-restaurant-logo-design-2574230,other,5,Low
Freelancer.com,Minimalist Arc Safety Logo Design,mixed,"graphic design, illustrator, logo design, photoshop, website design",fixed,36.0,worldwide,short-term,https://www.freelancer.com/contest/minimalist-arc-safety-logo-design-2574228,other,5,Low
Freelancer.com,Bold Trucking Logo Design,mixed,"graphic design, illustrator, logo design, photoshop",fixed,18.0,worldwide,short-term,https://www.freelancer.com/projects/graphic-design/bold-trucking-logo-design,other,4,Low
Freelancer.com,Shopify Website Cleanup,mixed,"html, php, shopify, shopify templates, website design",fixed,102.0,worldwide,short-term,https://www.freelancer.com/projects/shopify-site/shopify-website-cleanup,other,5,Medium
Freelancer.com,G+1 Residential Structural Design,mixed,"autocad, building architecture, cad/cam, civil engineering, structural engineering",fixed,96.0,worldwide,short-term,https://www.freelancer.com/projects/civil-engineering/residential-structural-design-39509009,other,5,Low
Freelancer.com,Commission-Based Bidding Executive,mixed,"business analysis, business analytics, business plans",fixed,10.0,worldwide,short-term,https://www.freelancer.com/projects/business-analytics/commission-based-bidding-executive,other,3,Low
Freelancer.com,Money-Earning Task App Development,mixed,"android, javascript, kotlin, mobile app development, xml",fixed,218.0,worldwide,short-term,https://www.freelancer.com/projects/android/money-earning-task-app-development,other,5,Medium
Freelancer.com,LinkedIn Profile Overhaul,mixed,"article writing, content writing, copywriting, creative writing, linkedin profile",fixed,95.0,worldwide,short-term,https://www.freelancer.com/projects/articles/linkedin-profile-overhaul,other,5,Low
Freelancer.com,LinkedIn Banner Design -- 2,mixed,"banner design, graphic design, logo design, photoshop, photoshop design",fixed,331.0,worldwide,short-term,https://www.freelancer.com/projects/graphic-design/linkedin-banner-design-39508990,other,5,Medium
Freelancer.com,API Integration for Wordpress Website Creation via InstaWP,mixed,"html, json, php, python, wordpress",fixed,780.0,worldwide,short-term,https://www.freelancer.com/projects/wordpress/api-integration-for-wordpress-website,other,5,High
Freelancer.com,Gaming Video Editor Needed,mixed,"after effects, video editing, video production, video services, videography",fixed,110.0,worldwide,short-term,https://www.freelancer.com/projects/video-editing/gaming-video-editor-needed-39508985,other,5,Medium
Freelancer.com,Influencer Sales Specialist for Skin and Tan,mixed,"facebook marketing, internet marketing, marketing, sales, social media marketing",fixed,658.0,worldwide,short-term,https://www.freelancer.com/projects/sales/influencer-sales-specialist-for-skin,other,5,High
Freelancer.com,Wedding Teaser Trailer Editor,mixed,"after effects, video editing, video production, video services, videography",fixed,205.0,worldwide,short-term,https://www.freelancer.com/projects/video-editing/wedding-teaser-trailer-editor,other,5,Medium
Freelancer.com,M365 to Business Premium Migration,mixed,"computer security, microsoft, microsoft 365, system administration, virtual assistant, web security",fixed,26.0,worldwide,short-term,https://www.freelancer.com/projects/microsoft/business-premium-migration,other,6,Low
Freelancer.com,LinkedIn Company Profile Revamp,mixed,"banner design, brochure design, graphic design, logo design, photoshop",fixed,322.0,worldwide,short-term,https://www.freelancer.com/projects/graphic-design/linkedin-company-profile-revamp,other,5,Medium
Freelancer.com,Mexican Spanish Recording Project -- 5,mixed,"castilian spanish translator, english (us) translator, french translator, spanish translator, translation",fixed,4.0,worldwide,short-term,https://www.freelancer.com/projects/spanish-translator/mexican-spanish-recording-project-39508970,other,5,Low
Freelancer.com,Assemble Loomie Triple Dresser,mixed,"carpentry, furniture assembly",fixed,750.0,worldwide,short-term,https://www.freelancer.com/projects/carpentry/assemble-loomie-triple-dresser,other,2,High
Freelancer.com,Transform Web App to Mobile Platforms + iOS version,mixed,"android, html5, iphone, mobile app development, phonegap",fixed,18.0,worldwide,short-term,https://www.freelancer.com/projects/mobile-app-development/transform-web-app-mobile-platforms,other,5,Low
Freelancer.com,EdTech Sales Executive Needed in Pune,mixed,"facebook marketing, internet marketing, marketing, sales, social media marketing",fixed,6994.0,worldwide,short-term,https://www.freelancer.com/projects/social-media-marketing/edtech-sales-executive-needed-pune,other,5,High
Freelancer.com,Craft a Compelling SOP for Australia,mixed,"article writing, content writing, copywriting, creative writing, ghostwriting",fixed,69.0,worldwide,short-term,https://www.freelancer.com/projects/content-writing/craft-compelling-sop-for-australia,other,5,Low
Freelancer.com,Project Wondr Brand manager,mixed,"content writing, editing, graphic design, social media marketing, video editing",fixed,122.0,worldwide,short-term,https://www.freelancer.com/projects/video-editing/project-wondr-brand-manager,other,5,Medium
Freelancer.com,Professional YouTube Video Editor [sample edit required with your bid],mixed,"after effects, video editing, video production, video services, videography",fixed,19.0,worldwide,short-term,https://www.freelancer.com/projects/video-editing/professional-youtube-video-editor-sample,other,5,Low
Freelancer.com,E-commerce Site Development with Divi,mixed,"ecommerce, javascript, php, website design, wordpress",fixed,433.0,worldwide,short-term,https://www.freelancer.com/projects/website-design/commerce-site-development-with-divi,other,5,Medium
Freelancer.com,Modern Monochromatic Logo & Packaging Design,mixed,"corporate identity, graphic design, illustrator, logo design, photoshop",fixed,21.0,worldwide,short-term,https://www.freelancer.com/projects/graphic-design/modern-monochromatic-logo-packaging,other,5,Low
Freelancer.com,Professional Recipe eBook Creation,mixed,"book writing, content writing, ebooks, ghostwriting, graphic design",fixed,76.0,worldwide,short-term,https://www.freelancer.com/projects/ebooks/professional-recipe-ebook-creation,other,5,Low
Freelancer.com,CFO Needed for AI SaaS Pricing Optimization,mixed,"accounting, business analysis, excel, finance, financial analysis",fixed,129.0,worldwide,short-term,https://www.freelancer.com/projects/business-analysis/cfo-needed-for-saas-pricing,other,5,Medium
Freelancer.com,Exhibition Design Suite Needed,mixed,"brochure design, flyer design, graphic design, photoshop, poster design",fixed,592.0,worldwide,short-term,https://www.freelancer.com/projects/brochure-design/exhibition-design-suite-needed,other,5,High
Freelancer.com,Reliable Freelance Promoters Needed,mixed,"flyer design, graphic design, logo design, marketing, slogans",fixed,12.0,worldwide,short-term,https://www.freelancer.com/projects/flyer-design/reliable-freelance-promoters-needed,other,5,Low
Freelancer.com,Affordable Chess Blitz Wins,mixed,"after effects, game consoles, game design, website design",fixed,5.0,worldwide,short-term,https://www.freelancer.com/projects/game-design/affordable-chess-blitz-wins,other,4,Low
Freelancer.com,Need a mobile app developer,mixed,"android, iphone, mobile app development, php, software architecture",fixed,289.0,worldwide,short-term,https://www.freelancer.com/projects/php/need-mobile-app-developer-39508938,other,5,Medium
Freelancer.com,Entertainment Feature Story Writer,mixed,"article writing, book writing, content writing, creative writing, ghostwriting",fixed,131.0,worldwide,short-term,https://www.freelancer.com/projects/ghostwriting/entertainment-feature-story-writer,other,5,Medium
Freelancer.com,Web3 Presale Page Developer Needed,mixed,"ethereum, react.js, smart contracts, website design",fixed,159.0,worldwide,short-term,https://www.freelancer.com/projects/website-design/web-presale-page-developer-needed,other,4,Medium
Freelancer.com,Podcast and Speaking Engagements Promotion,mixed,"book writing, podcasting, public relations, public speaking, social media marketing",fixed,208.0,worldwide,short-term,https://www.freelancer.com/projects/book-writing/podcast-speaking-engagements-promotion,other,5,Medium
Freelancer.com,AI video generator mobile app,mixed,"ai mobile app development, android, api integration, frontend development",fixed,358.0,worldwide,short-term,https://www.freelancer.com/projects/ai-mobile-app-development/video-generator-mobile-app,other,4,Medium
Freelancer.com,Shopify Pet Store Setup,mixed,"ecommerce, html, shopify, shopify templates, website design",fixed,187.0,worldwide,short-term,https://www.freelancer.com/projects/shopify-site/shopify-pet-store-setup,other,5,Medium
Freelancer.com,E-commerce Ads Specialist Needed,mixed,"advertising, facebook marketing, google adwords, internet marketing, seo",fixed,81.0,worldwide,short-term,https://www.freelancer.com/projects/advertising/commerce-ads-specialist-needed,other,5,Low
Freelancer.com,Tech Support for Laptop Setup - 13/06/2025 20:52 EDT,mixed,"active directory, computer support, microsoft, microsoft exchange, microsoft outlook, technical support",fixed,115.0,worldwide,short-term,https://www.freelancer.com/projects/active-directory/tech-support-for-laptop-setup,other,6,Medium
Freelancer.com,Bold Shopify Storefront Development,mixed,"ecommerce, html, shopify, shopify templates, website design",fixed,21.0,worldwide,short-term,https://www.freelancer.com/projects/shopify-site/bold-shopify-storefront-development,other,5,Low
Freelancer.com,"Sitemap discover, read, Indexing Fix Expert",mixed,"html, php, seo, wordpress, wordpress plugin",fixed,136.0,worldwide,short-term,https://www.freelancer.com/projects/wordpress/sitemap-discover-read-indexing-fix,other,5,Medium
Freelancer.com,Spa Website Development,mixed,"graphic design, html, php, user interface / ia, website design",fixed,974.0,worldwide,short-term,https://www.freelancer.com/projects/website-design/spa-website-development-39508911,other,5,High
Freelancer.com,Looking for dutch editor,mixed,"after effects, video editing, video production, video services",fixed,108.0,worldwide,short-term,https://www.freelancer.com/projects/video-services/looking-for-dutch-editor,other,4,Medium
Freelancer.com,AI-Powered E-commerce Video Generator,mixed,"ai mobile app development, android, html5, mobile app development",fixed,267.0,worldwide,short-term,https://www.freelancer.com/projects/mobile-app-development/powered-commerce-video-generator,other,4,Medium
Freelancer.com,All in one newsletter playbook ʘ,mixed,"copywriting, data visualization, newsletters, pitch deck writing, technical writing",fixed,14.0,worldwide,short-term,https://www.freelancer.com/projects/copywriting/all-one-newsletter-playbook-39508901,other,5,Low
Freelancer.com,Bodycam Thumbnail Design,mixed,"animation, banner design, graphic design, illustrator, photoshop",fixed,24.0,worldwide,short-term,https://www.freelancer.com/projects/graphic-design/bodycam-thumbnail-design,other,5,Low
Freelancer.com,Need youtube editor,mixed,"after effects, video editing, video production, video services, videography",fixed,26.0,worldwide,short-term,https://www.freelancer.com/projects/video-editing/need-youtube-editor-39508899,other,5,Low
Freelancer.com,Daily Snapchat Celebrity Content Creator (8-Min Videos) – Long-Term,mixed,"audio production, banner design, video editing, video production, videography",fixed,382.0,worldwide,short-term,https://www.freelancer.com/projects/video-editing/daily-snapchat-celebrity-content-creator,other,5,Medium
Freelancer.com,Seeking Website Expert: What Can Be Improved on Our Religious Site?,mixed,"graphic design, html, website audit, website design, website development",fixed,147.0,worldwide,short-term,https://www.freelancer.com/projects/website-design/seeking-website-expert-what-can,other,5,Medium
Freelancer.com,2D Fantasy/Sci-Fi Anime Creation,mixed,"2d animation, adobe flash, animated video development, animation",fixed,3490.0,worldwide,short-term,https://www.freelancer.com/projects/flash/fantasy-sci-anime-creation,other,4,High
Freelancer.com,E-commerce Website Development,mixed,"ecommerce, html, php, shopping cart integration, website design",fixed,305.0,worldwide,short-term,https://www.freelancer.com/projects/website-design/commerce-website-development-39508892,other,5,Medium
Freelancer.com,"CLICKFUNNEL *EXPERT* wanted. Please bid only if you have a lot of experience, know how to implement upsell, downsell, optin, thankyou page, sales page, order page, email sequence",mixed,"clickfunnels, funnel",fixed,15.0,worldwide,short-term,https://www.freelancer.com/projects/clickfunnels/clickfunnel-expert-wanted-please-bid,other,2,Low
Freelancer.com,Modern 3D Home Rendering,mixed,"3d animation, 3d modelling, 3d rendering, 3ds max, interior design",fixed,256.0,worldwide,short-term,https://www.freelancer.com/projects/3d-modelling/modern-home-rendering-39508887,other,5,Medium
Freelancer.com,Convert Hand Drawings to CAD,mixed,"autocad, building architecture, cad/cam, drafting, solidworks",fixed,37.0,worldwide,short-term,https://www.freelancer.com/projects/autocad/convert-hand-drawings-cad,other,5,Low
Freelancer.com,Modern Vibrant Bathtub Brochure Design,mixed,"brochure design, corporate identity, covers & packaging, graphic design, photoshop",fixed,74.0,worldwide,short-term,https://www.freelancer.com/projects/graphic-design/modern-vibrant-bathtub-brochure-design,other,5,Low
Freelancer.com,LinkedIn Carousel Design,mixed,"banner design, graphic design, illustrator, logo design, photoshop",fixed,107.0,worldwide,short-term,https://www.freelancer.com/projects/graphic-design/linkedin-carousel-design,other,5,Medium
Freelancer.com,Multiplatform App Marketing Specialist,mixed,"facebook marketing, google plus, internet marketing, social media marketing, twitter",fixed,19.0,worldwide,short-term,https://www.freelancer.com/projects/facebook-marketing/multiplatform-app-marketing-specialist,other,5,Low
Freelancer.com,Graphic Design WordPress,mixed,"css, graphic design, ux / user experience, website design, wordpress",fixed,409.0,worldwide,short-term,https://www.freelancer.com/projects/wordpress/graphic-design-wordpress,other,5,Medium
Freelancer.com,Katana MRP Data Entry Specialist Needed: Import Products & Update Operations/Recipes from Excel,mixed,"data entry, data mining, data processing, excel, web search",fixed,18.0,worldwide,short-term,https://www.freelancer.com/projects/data-entry/katana-mrp-data-entry-specialist,other,5,Low
Freelancer.com,Wikipedia Page Creation for Artist,mixed,"article writing, biography writing, editing, wiki, wikipedia",fixed,203.0,worldwide,short-term,https://www.freelancer.com/projects/articles/wikipedia-page-creation-for-artist-39508865,other,5,Medium
Freelancer.com,Customer Service Phone Support,mixed,"english spelling, voice talent",fixed,446.0,worldwide,short-term,https://www.freelancer.com/projects/voice-talent/customer-service-phone-support,other,2,Medium
Freelancer.com,Cartoonish Caricature for Celebration,mixed,"caricature & cartoons, graphic design, illustration, illustrator, photoshop",fixed,28.0,worldwide,short-term,https://www.freelancer.com/projects/illustration/cartoonish-caricature-for-celebration,other,5,Low
Freelancer.com,Golang and Rust Developer for a task,mixed,"bot development, golang, rust, software architecture, software engineering",fixed,144.0,worldwide,short-term,https://www.freelancer.com/projects/golang/golang-rust-developer-for-task,other,5,Medium
Freelancer.com,SharePoint User Directory with MS Search,mixed,".net, c# programming, microsoft, microsoft azure, sharepoint",fixed,156.0,worldwide,short-term,https://www.freelancer.com/projects/sharepoint/sharepoint-user-directory-with-search,other,5,Medium
Freelancer.com,Real Estate Web Content Editor,mixed,"article writing, content writing, copywriting, editing, ghostwriting",fixed,120.0,worldwide,short-term,https://www.freelancer.com/projects/copywriting/real-estate-web-content-editor,other,5,Medium
Freelancer.com,Write Social Media Ads (P),mixed,"article writing, content writing, copywriting, creative writing, social media marketing",fixed,88.0,worldwide,short-term,https://www.freelancer.com/projects/articles/write-social-media-ads-39508854,other,5,Low
Freelancer.com,Write Social Media Ads (C),mixed,"article writing, content writing, copywriting, creative writing, social media marketing",fixed,76.0,worldwide,short-term,https://www.freelancer.com/projects/articles/write-social-media-ads,other,5,Low
Freelancer.com,Realistic Nature-Themed Album Cover,mixed,"graphic design, illustration, illustrator, photoshop",fixed,91.0,worldwide,short-term,https://www.freelancer.com/projects/illustration/realistic-nature-themed-album-cover,other,4,Low
Freelancer.com,Luxury Signature Logo Design,mixed,"graphic design, illustration, illustrator, logo design, photoshop",fixed,10.0,worldwide,short-term,https://www.freelancer.com/contest/luxury-signature-logo-design-2574207,other,5,Low
Freelancer.com,AI-Powered Invoice Reconciliation System Developer,mixed,"database development, java, mysql, php, software architecture",fixed,18.0,worldwide,short-term,https://www.freelancer.com/projects/php/powered-invoice-reconciliation-system-39508835,other,5,Low
Freelancer.com,Health & Wellness Content Writer,mixed,"article writing, content writing, copywriting, ghostwriting",fixed,230.0,worldwide,short-term,https://www.freelancer.com/projects/articles/health-wellness-content-writer-39508825,other,4,Medium
Freelancer.com,Full-Time Angular Developer Needed,mixed,"angularjs, html, html5, javascript, website design",fixed,487.0,worldwide,short-term,https://www.freelancer.com/projects/angular-js/full-time-angular-developer-needed-39508836,other,5,Medium
Freelancer.com,N8n Automation Specialist Needed -- 2,mixed,"data entry, data mining, excel, python, web scraping",fixed,136.0,worldwide,short-term,https://www.freelancer.com/projects/automation-specialist-needed-fix,other,5,Medium
Freelancer.com,Facebook Ad Campaign Troubleshooter,mixed,"facebook marketing, internet marketing, social media marketing",fixed,335.0,worldwide,short-term,https://www.freelancer.com/projects/facebook-marketing/facebook-campaign-troubleshooter,other,3,Medium
Freelancer.com,Fix Google Sheets #REF! Error,mixed,"data entry, data processing, excel, google sheets",fixed,98.0,worldwide,short-term,https://www.freelancer.com/projects/data-entry/fix-google-sheets-ref-error,other,4,Low
Freelancer.com,Non-Binary Voice Actor for Thriller Podcast,mixed,"podcasting, voice acting, voice artist, voice talent",fixed,10.0,worldwide,short-term,https://www.freelancer.com/contest/nonbinary-voice-actor-for-thriller-podcast-2574205,other,4,Low
Freelancer.com,Shopify Store Conversion Optimization,mixed,"conversion rate optimization, shopify",fixed,152.0,worldwide,short-term,https://www.freelancer.com/projects/conversion-rate-optimization/shopify-store-conversion-optimization,other,2,Medium
Freelancer.com,Logo redesign and full stationery design,mixed,"3d design, graphic design, illustrator, logo design, photoshop",fixed,137.0,worldwide,short-term,https://www.freelancer.com/contest/logo-redesign-and-full-stationery-design-2574203,other,5,Medium
Freelancer.com,3D Boxing Gym Scene Recreation - Blender + Unity,mixed,"3d animation, 3d modelling, 3d rendering, 3ds max, unity 3d",fixed,300.0,worldwide,short-term,https://www.freelancer.com/contest/d-boxing-gym-scene-recreation-blender-unity-2574202,other,5,Medium
Freelancer.com,Actor Submissions for Castings - Talent Agency,mixed,"article writing, creative writing",fixed,5.0,worldwide,short-term,https://www.freelancer.com/projects/creative-writing/actor-submissions-for-castings-talent,other,2,Low
Freelancer.com,International SEO Specialist Needed,mixed,"internet marketing, link building, marketing, search engine marketing, seo",fixed,103.0,worldwide,short-term,https://www.freelancer.com/projects/seo/international-seo-specialist-needed-39508817,other,5,Medium
Freelancer.com,Golang Developer for API task,mixed,"api integration, golang, python, software architecture, software engineering",fixed,16.0,worldwide,short-term,https://www.freelancer.com/projects/golang/golang-developer-for-api-task,other,5,Low
Freelancer.com,Mid-Level Salesforce Account Manager Needed,mixed,"business analysis, crm, salesforce app development, salesforce.com, sap",fixed,11.0,worldwide,short-term,https://www.freelancer.com/projects/salesforce-com/mid-level-salesforce-account-manager,other,5,Low
Freelancer.com,Modern Minimalist Wordmark Logo Design,mixed,"3d design, graphic design, illustrator, logo design, photoshop",fixed,84.0,worldwide,short-term,https://www.freelancer.com/projects/logo-design/modern-minimalist-wordmark-logo-design-39508810,other,5,Low
Freelancer.com,CO2 Capture Simulation Optimization,mixed,"aspen hysys, chemical engineering, mechanical engineering, process simulation",fixed,198.0,worldwide,short-term,https://www.freelancer.com/projects/mechanical-engineering/capture-simulation-optimization,other,4,Medium
Freelancer.com,Online Database Data Entry,mixed,"data entry, data processing, excel, web scraping, web search",fixed,4.0,worldwide,short-term,https://www.freelancer.com/projects/excel/online-database-data-entry-39508814,other,5,Low
Freelancer.com,Finance Guest Post Specialist - 13/06/2025 18:59 EDT,mixed,"seo auditing, seomoz",fixed,125.0,worldwide,short-term,https://www.freelancer.com/projects/seo-auditing/finance-guest-post-specialist-edt-39508775,other,2,Medium
Freelancer.com,Fluorescence Imaging Analysis Specialist,mixed,"mathematics, matlab and mathematica, spss statistics, statistical analysis, statistics",fixed,23.0,worldwide,short-term,https://www.freelancer.com/projects/statistics/fluorescence-imaging-analysis-specialist,other,5,Low
Freelancer.com,Python Data Analyst Needed,mixed,"data extraction, data science, data scraping, pandas, python",fixed,7.0,worldwide,short-term,https://www.freelancer.com/projects/python/python-data-analyst-needed-39508804,other,5,Low
Freelancer.com,Web Designer Needed – Redesign Front-End (HTML/ERB/Java),mixed,"graphic design, html, java, user interface / ia, website design",fixed,152.0,worldwide,short-term,https://www.freelancer.com/projects/website-design/web-designer-needed-redesign-front,other,5,Medium
Freelancer.com,Swift App for Livestock Sales,mixed,"ipad, mobile app development, swift, ui / user interface, ux / user experience",fixed,583.0,worldwide,short-term,https://www.freelancer.com/projects/mobile-app-development/swift-app-for-livestock-sales,other,5,High
Freelancer.com,Pharmaceutical SOP Writer Needed,mixed,"academic writing, article writing, content writing, copywriting, report writing",fixed,67.0,worldwide,short-term,https://www.freelancer.com/projects/academic-writing/pharmaceutical-sop-writer-needed,other,5,Low
Freelancer.com,Expert Web Developer for Ad Revenue Optimization,mixed,"graphic design, html, php, website design, wordpress",fixed,27.0,worldwide,short-term,https://www.freelancer.com/projects/php/expert-web-developer-for-revenue,other,5,Low
Freelancer.com,Realistic Face Replacement on Photos,mixed,"graphic design, photo editing, photography, photoshop, photoshop design",fixed,81.0,worldwide,short-term,https://www.freelancer.com/projects/photoshop/realistic-face-replacement-photos,other,5,Low
Freelancer.com,Realistic Basketball Game Development,mixed,"game design, game development, lua",fixed,137.0,worldwide,short-term,https://www.freelancer.com/projects/game-design/realistic-basketball-game-development,other,3,Medium
Freelancer.com,Transport Services Website Development,mixed,"graphic design, html, php, user interface / ia, website design",fixed,2003.0,worldwide,short-term,https://www.freelancer.com/projects/website-design/transport-services-website-development,other,5,High
Freelancer.com,Car Wash Website Design,mixed,"graphic design, html, php, website design, wordpress",fixed,178.0,worldwide,short-term,https://www.freelancer.com/projects/website-design/car-wash-website-design,other,5,Medium
Freelancer.com,"I need someone to design images, site banners, photo templates and  social media site.",mixed,"banner design, graphic design, photoshop, photoshop design, website design",fixed,12.0,worldwide,short-term,https://www.freelancer.com/projects/graphic-design/need-someone-design-images-site,other,5,Low
Freelancer.com,AI English Learning App for Developers,mixed,"artificial intelligence, flutter",fixed,449.0,worldwide,short-term,https://www.freelancer.com/projects/flutter/english-learning-app-for-developers,other,2,Medium
Freelancer.com,Simple Wordpress and shopify projects,mixed,"html, php, shopify, shopify templates, website design",fixed,7.0,worldwide,short-term,https://www.freelancer.com/projects/shopify-site/simple-wordpress-shopify-projects,other,5,Low
Freelancer.com,Meta Ads Targeting Specialist,mixed,"advertising, facebook marketing, internet marketing, leads, social media marketing",fixed,91.0,worldwide,short-term,https://www.freelancer.com/projects/advertising/meta-ads-targeting-specialist,other,5,Low
Freelancer.com,Chrome Extension Licensing System Development,mixed,"express js, google chrome, javascript, node.js, postgresql",fixed,98.0,worldwide,short-term,https://www.freelancer.com/projects/google-chrome/chrome-extension-licensing-system,other,5,Low
Freelancer.com,Multi-Task Virtual Assistant Needed,mixed,"customer support, data entry, microsoft office, social media management, virtual assistant",fixed,5.0,worldwide,short-term,https://www.freelancer.com/projects/virtual-assistant/multi-task-virtual-assistant-needed-39508767,other,5,Low
Freelancer.com,Facebook & Google Ads Setup,mixed,"advertising, facebook marketing, google adwords, internet marketing, social media marketing",fixed,467.0,worldwide,short-term,https://www.freelancer.com/projects/facebook-marketing/facebook-google-ads-setup,other,5,Medium
Freelancer.com,AI-Powered Invoice Reconciliation System Developer,mixed,"database development, java, mysql, php, software architecture",fixed,674.0,worldwide,short-term,https://www.freelancer.com/projects/php/powered-invoice-reconciliation-system,other,5,High
Freelancer.com,Dog Temp Monitor with Pi Zero,mixed,"c programming, c++ programming, electronics, microcontroller, python",fixed,183.0,worldwide,short-term,https://www.freelancer.com/projects/electronics/dog-temp-monitor-with-zero,other,5,Medium
Freelancer.com,Eye-Catching Roadside Assistance Banner,mixed,"banner design, business card design, graphic design, logo design, photoshop",fixed,10.0,worldwide,short-term,https://www.freelancer.com/contest/eyecatching-roadside-assistance-banner-2574197,other,5,Low
Freelancer.com,"Company Sourcing in São Mateus, Brazil",mixed,"data entry, excel, internet research, research, web search",fixed,17.0,worldwide,short-term,https://www.freelancer.com/projects/web-search/company-sourcing-mateus-brazil,other,5,Low
Freelancer.com,Elegant Modern Trucking Logo Design,mixed,"graphic design, illustrator, logo design, photoshop",fixed,50.0,worldwide,short-term,https://www.freelancer.com/contest/elegant-modern-trucking-logo-design-2573661,other,4,Low
Freelancer.com,Comprehensive Patient List Creation,mixed,"data entry, data processing, excel, web scraping, web search",fixed,129.0,worldwide,short-term,https://www.freelancer.com/projects/excel/comprehensive-patient-list-creation,other,5,Medium
Freelancer.com,OSINT Middleware developer needed,mixed,"java, linux, node.js, php, software architecture",fixed,142.0,worldwide,short-term,https://www.freelancer.com/projects/nodejs/osint-middleware-developer-needed,other,5,Medium
Freelancer.com,Automated Betting Script for Rebel Betting,mixed,"c programming, javascript, php, python, software architecture",fixed,519.0,worldwide,short-term,https://www.freelancer.com/projects/php/automated-betting-script-for-rebel,other,5,High
Freelancer.com,Clinical Note-Taking Web App POC,mixed,"ai text-to-speech, javascript, postgresql, python, tailwind css",fixed,1783.0,worldwide,short-term,https://www.freelancer.com/projects/ai-text-to-speech/clinical-note-taking-web-app,other,5,High
Freelancer.com,Facebook Sales Boost for Accounting Services,mixed,"facebook marketing, inbound marketing, lead generation, leads, social media marketing",fixed,37.0,worldwide,short-term,https://www.freelancer.com/projects/facebook-marketing/facebook-sales-boost-for-accounting,other,5,Low
Freelancer.com,Multi-Task Computer Setup,mixed,"computer support, microsoft outlook",fixed,450.0,worldwide,short-term,https://www.freelancer.com/projects/computer-help/multi-task-computer-setup,other,2,Medium
Freelancer.com,Creative Proposal Card Template Design,mixed,"graphic design, illustrator, logo design, photoshop, photoshop design",fixed,52.0,worldwide,short-term,https://www.freelancer.com/projects/graphic-design/creative-proposal-card-template-design,other,5,Low
Freelancer.com,Odoo E-commerce Site Development,mixed,"ecommerce, html, marketing, odoo, website design",fixed,23.0,worldwide,short-term,https://www.freelancer.com/projects/website-design/odoo-commerce-site-development-39508675,other,5,Low
Freelancer.com,إنشاء منصة بطاقات الكترونية,mixed,"css, html, website design, wordpress",fixed,148.0,worldwide,short-term,https://www.freelancer.com/projects/website-design/project-39508738,other,4,Medium
Freelancer.com,Company Intro Video Enhancement,mixed,"after effects, animation, video editing, video production, video services",fixed,106.0,worldwide,short-term,https://www.freelancer.com/projects/video-editing/company-intro-video-enhancement,other,5,Medium
Freelancer.com,Computer and Monitor Setup,mixed,"computer support, microsoft outlook",fixed,106.0,worldwide,short-term,https://www.freelancer.com/projects/computer-help/computer-monitor-setup,other,2,Medium
Freelancer.com,Gather Contact Leads for Taxi Dispatch Companies,mixed,"data entry, excel, leads, web scraping, web search",fixed,42.0,worldwide,short-term,https://www.freelancer.com/projects/data-entry/gather-contact-leads-for-taxi,other,5,Low
Freelancer.com,Beginner Spanish Teacher for Grammar and Writing,mixed,"castilian spanish translator, english (us) translator, proofreading, spanish translator, translation",fixed,16.0,worldwide,short-term,https://www.freelancer.com/projects/spanish-translator/beginner-spanish-teacher-for-grammar,other,5,Low
Freelancer.com,Python expert required. Further details will be shared via PM,mixed,"linux, machine learning (ml), python, software architecture, statistics",fixed,35.0,worldwide,short-term,https://www.freelancer.com/projects/python/python-expert-required-further-details,other,5,Low
Freelancer.com,Live Coding Challenge: E-commerce Dev,mixed,"django, erp, postgresql, python, software architecture",fixed,172.0,worldwide,short-term,https://www.freelancer.com/projects/python/live-coding-challenge-commerce-dev,other,5,Medium
Freelancer.com,Install PeopleSoft FSCM 9.2 on Windows,mixed,"peoplesoft, system admin",fixed,151.0,worldwide,short-term,https://www.freelancer.com/projects/peoplesoft/install-peoplesoft-fscm-windows,other,2,Medium
Freelancer.com,Modern Barn House 3D Rendering,mixed,"3d animation, 3d design, 3d modelling, 3d rendering, 3ds max",fixed,131.0,worldwide,short-term,https://www.freelancer.com/projects/3d-modelling/modern-barn-house-rendering,other,5,Medium
Freelancer.com,"Hunt a Job in Spain, Portugal or Italy - Guaranteed Job Offer is a Requirement -- 2",mixed,"human resources, linkedin recruiting, recruitment, technical recruiter, workday talent & recruiting",fixed,400.0,worldwide,short-term,https://www.freelancer.com/projects/human-resources/hunt-job-spain-portugal-italy,other,5,Medium
Freelancer.com,Engaging Fitness Coach Video Ad,mixed,"advertisement design, animation, graphic design, video editing, video production",fixed,30.0,worldwide,short-term,https://www.freelancer.com/projects/video-editing/engaging-fitness-coach-video,other,5,Low
Freelancer.com,Versatile Virtual Assistant Needed,mixed,"facebook marketing, google plus, social media marketing, twitter, virtual assistant",fixed,2100.0,worldwide,short-term,https://www.freelancer.com/projects/facebook-marketing/versatile-virtual-assistant-needed-39508692,other,5,High
Freelancer.com,B2B Sales Cycle Concept Map Refinement,mixed,"b2b marketing, leads, marketing, research, sales",fixed,23.0,worldwide,short-term,https://www.freelancer.com/projects/b2b-marketing/sales-cycle-concept-map-refinement,other,5,Low
Freelancer.com,UI Redesign for AI Life Science Site,mixed,"graphic design, html, photoshop, user interface / ia, website design",fixed,20.0,worldwide,short-term,https://www.freelancer.com/projects/graphic-design/redesign-for-life-science-site,other,5,Low
Freelancer.com,Produce/Mix & Master 1 song from our album,mixed,"audio engineering, mixing engineering, music",fixed,875.0,worldwide,short-term,https://www.freelancer.com/projects/audio-engineering/produce-mix-master-song-from,other,3,High
Freelancer.com,Secure and Fix Corporate Website,mixed,"computer security, internet security, php, web security",fixed,14.0,worldwide,short-term,https://www.freelancer.com/projects/web-security/secure-fix-corporate-website,other,4,Low
Freelancer.com,Flowise Queue Mode Setup Expert,mixed,"linux, n8n, redis, system admin, ubuntu",fixed,30.0,worldwide,short-term,https://www.freelancer.com/projects/linux/flowise-queue-mode-setup-expert,other,5,Low
