username,subreddit,post_title,post_url,created_at,intent_score,matched_keywords
Turtlefrog89,Productivity,Tell me the ways you automate your life.,https://www.reddit.com/r/productivity/comments/1l9613j/tell_me_the_ways_you_automate_your_life/,2025-06-11 22:21:35,4,looking for
zacharier_18,Productivity,Monitoring social media usage motivated me to save nearly 10 hours a week.,https://www.reddit.com/r/productivity/comments/1l9luwq/monitoring_social_media_usage_motivated_me_to/,2025-06-12 13:00:09,3,recommend
Ianxcala,Productivity,Note taking app where everything is a nested list.,https://www.reddit.com/r/productivity/comments/1l9kjdf/note_taking_app_where_everything_is_a_nested_list/,2025-06-12 11:55:04,4,looking for
Luvisdeww,Productivity,I Tested 50+ Productivity Apps ‚Äì Here‚Äôs My Final Stack,https://www.reddit.com/r/productivity/comments/1l9dsz1/i_tested_50_productivity_apps_heres_my_final_stack/,2025-06-12 04:48:23,6,"looking for, journal"
WhalePlaying,Productivity,Efficient formats editing bilingual docs,https://www.reddit.com/r/productivity/comments/1l9p5oz/efficient_formats_editing_bilingual_docs/,2025-06-12 15:20:20,3,recommend
Lost-Procedure-9625,Productivity,How do you keep your productivity high when collaborating with remote teams?,https://www.reddit.com/r/productivity/comments/1l9epc8/how_do_you_keep_your_productivity_high_when/,2025-06-12 05:42:28,3,recommend
Inevitable-Power5927,Productivity,What are some good notes/writing apps?,https://www.reddit.com/r/productivity/comments/1l9azom/what_are_some_good_noteswriting_apps/,2025-06-12 02:16:24,4,looking for
bgbgbgbgbgbgbgbgnow,Productivity,"11"" vs 13"" iPad Pro for Obsidian power users?",https://www.reddit.com/r/productivity/comments/1l98v59/11_vs_13_ipad_pro_for_obsidian_power_users/,2025-06-12 00:31:33,6,"looking for, journal"
fishininthedarkk,Productivity,Small Project / Task Management App?,https://www.reddit.com/r/productivity/comments/1l8rm1s/small_project_task_management_app/,2025-06-11 12:39:36,4,looking for
Orangephoenix75,Productivity,Has anyone tried AI tools for visualizing document content?,https://www.reddit.com/r/productivity/comments/1l85uah/has_anyone_tried_ai_tools_for_visualizing/,2025-06-10 18:08:41,4,looking for
Reasonable_Shift4051,Productivity,looking for ways to make it useful before my house turns into a creepy museum,https://www.reddit.com/r/productivity/comments/1l87jxi/looking_for_ways_to_make_it_useful_before_my/,2025-06-10 19:14:23,4,looking for
ABnegativ,Productivity,Tracking multiple projects with several steps each,https://www.reddit.com/r/productivity/comments/1l7xle3/tracking_multiple_projects_with_several_steps_each/,2025-06-10 12:35:28,3,pricing
XeroxRomeo,Productivity,Best note taking app for multiple interfaces,https://www.reddit.com/r/productivity/comments/1l7nfwa/best_note_taking_app_for_multiple_interfaces/,2025-06-10 02:21:33,4,looking for
Jumpy-Plantain9812,Productivity,Is there any good data on how many productive hours the average person has in a day?,https://www.reddit.com/r/productivity/comments/1l77klb/is_there_any_good_data_on_how_many_productive/,2025-06-09 15:21:04,4,looking for
Sleepy_Zzzzzzzzzz,Productivity,Productive Task/Habit Tracking,https://www.reddit.com/r/productivity/comments/1l7jspi/productive_taskhabit_tracking/,2025-06-09 23:24:45,3,recommend
Felixnext-orig,Productivity,Agentic workflows for priorization and coaching?,https://www.reddit.com/r/productivity/comments/1l7aqkw/agentic_workflows_for_priorization_and_coaching/,2025-06-09 17:23:56,4,looking for
CaptainIU,Productivity,"Looking for a ""one-task-at-a-time"" to-do list app",https://www.reddit.com/r/productivity/comments/1l79yup/looking_for_a_onetaskatatime_todo_list_app/,2025-06-09 16:54:34,4,looking for
Dense-Spirit-1691,Productivity,"I need to study for longer hours and focus but my dopamine addiction won't help me, how can I be more productive?",https://www.reddit.com/r/productivity/comments/1l762af/i_need_to_study_for_longer_hours_and_focus_but_my/,2025-06-09 14:20:51,3,recommend
steppsch,Productivity,Looking for a Windows screen time widget,https://www.reddit.com/r/productivity/comments/1l7aez4/looking_for_a_windows_screen_time_widget/,2025-06-09 17:11:44,4,looking for
jess3bel,Productivity,Which cold email platform plays best with HubSpot?,https://www.reddit.com/r/productivity/comments/1l74rk5/which_cold_email_platform_plays_best_with_hubspot/,2025-06-09 13:26:07,4,CRM
imluvinit,Productivity,Alternative to Todoist for Task Tracking,https://www.reddit.com/r/productivity/comments/1l6ra75/alternative_to_todoist_for_task_tracking/,2025-06-09 00:28:02,3,recommend
pfp-disciple,Productivity,App for tracking how I'm spending my time?,https://www.reddit.com/r/productivity/comments/1l6dpbg/app_for_tracking_how_im_spending_my_time/,2025-06-08 14:38:36,4,looking for
axelfrigghome,Productivity,Shorts blocker. Looking for a mobile tool.,https://www.reddit.com/r/productivity/comments/1l6h41t/shorts_blocker_looking_for_a_mobile_tool/,2025-06-08 17:03:25,4,looking for
DiscoCrows,Productivity,How do you track Non-Actionable thought and reminders?,https://www.reddit.com/r/productivity/comments/1l5wyrl/how_do_you_track_nonactionable_thought_and/,2025-06-07 22:27:30,9,"recommend, looking for, journal"
DG_2500,Productivity,Looking for people serious about self-improvement who need the right circle around them,https://www.reddit.com/r/productivity/comments/1l5ykd4/looking_for_people_serious_about_selfimprovement/,2025-06-07 23:45:12,4,looking for
WestRoman23,Productivity,Update - [Day 5] No-Caffeine Journey - My Reflection on quitting coffee and being more productive,https://www.reddit.com/r/productivity/comments/1l5wmgw/update_day_5_nocaffeine_journey_my_reflection_on/,2025-06-07 22:11:20,7,"recommend, looking for"
PlasProb,Productivity,How do you seriously improve your productivity with AI tools?,https://www.reddit.com/r/productivity/comments/1l5f26a/how_do_you_seriously_improve_your_productivity/,2025-06-07 07:25:26,6,"looking for, too slow"
HotCattle6911,Productivity,Affordable Project Management Tools,https://www.reddit.com/r/productivity/comments/1l53gs8/affordable_project_management_tools/,2025-06-06 21:05:21,7,"recommend, looking for"
Overall-PrettyManly,Productivity,You don‚Äôt need a perfect system‚Äîyou just need momentum.,https://www.reddit.com/r/productivity/comments/1l4ie0i/you_dont_need_a_perfect_systemyou_just_need/,2025-06-06 03:20:47,5,"habit tracker, journal"
ajaffarali,Productivity,Looking for a Notes app that does the following,https://www.reddit.com/r/productivity/comments/1l50ulf/looking_for_a_notes_app_that_does_the_following/,2025-06-06 19:14:20,4,looking for
Boofitness,Productivity,Pomodoro with timeline tracking that syncs with multiple devices?,https://www.reddit.com/r/productivity/comments/1l4swzz/pomodoro_with_timeline_tracking_that_syncs_with/,2025-06-06 13:50:11,4,looking for
Okay-2000,Productivity,Looking for tools to turn a nested list of user cases for a contact form into a flowchart or decision tree,https://www.reddit.com/r/productivity/comments/1l53pbv/looking_for_tools_to_turn_a_nested_list_of_user/,2025-06-06 21:15:27,7,"recommend, looking for"
SeasonedTravelr,Productivity,Which playlists & genres help you maximize your focus?,https://www.reddit.com/r/productivity/comments/1l4tcg7/which_playlists_genres_help_you_maximize_your/,2025-06-06 14:08:33,3,recommend
MrWildenfree,Notion,üåü User Flair Overview,https://www.reddit.com/r/Notion/comments/1fs4tmg/user_flair_overview/,2024-09-29 13:51:31,3,recommend
sanatbiswal21,Notion,Finally figured out a way to convert Notion Page or Database to PDFs effortlessly. Need Feedback on this!üòä,https://www.reddit.com/r/Notion/comments/1l9k9hr/finally_figured_out_a_way_to_convert_notion_page/,2025-06-12 11:39:51,4,looking for
This_Conclusion9402,Notion,Finally figured out a hack for moving Airtable data into Notion and keeping the linked records relationships intact,https://www.reddit.com/r/Notion/comments/1l985vv/finally_figured_out_a_hack_for_moving_airtable/,2025-06-11 23:57:51,4,CRM
mhuhtet,Notion,Looking for Feedback on My Chrome Extension,https://www.reddit.com/r/Notion/comments/1l9o44m/looking_for_feedback_on_my_chrome_extension/,2025-06-12 14:37:34,4,looking for
TubeOperator,Notion,Ranges combined,https://www.reddit.com/r/Notion/comments/1l9g9ec/ranges_combined/,2025-06-12 07:23:15,4,looking for
PirateSasha,Notion,üß™ Beta Testers Wanted ‚Äì A Notion Dashboard That Finally Replaced My 5 Other Writing Apps,https://www.reddit.com/r/Notion/comments/1l8wes7/beta_testers_wanted_a_notion_dashboard_that/,2025-06-11 15:59:38,4,looking for
Born-Rub-6291,Notion,Notion AI for Edu Account,https://www.reddit.com/r/Notion/comments/1l8q0lg/notion_ai_for_edu_account/,2025-06-11 11:18:13,3,pricing
Straight-Spray-6540,Notion,Stop messing up the UI and improve database performance!,https://www.reddit.com/r/Notion/comments/1l836up/stop_messing_up_the_ui_and_improve_database/,2025-06-10 16:27:54,4,looking for
saleeh_,Notion,"I'll build anything you need in notion, either it's a CRM or a life os, or any system",https://www.reddit.com/r/Notion/comments/1l8zcoq/ill_build_anything_you_need_in_notion_either_its/,2025-06-11 17:54:23,11,"looking for, pricing, CRM"
ladyteruki,Notion,"Update broke 1000s of pages, you know, no big deal",https://www.reddit.com/r/Notion/comments/1l83lxx/update_broke_1000s_of_pages_you_know_no_big_deal/,2025-06-10 16:44:17,3,recommend
KyriaMajsa,Notion,"Looking for unique to-do symbols, need inspiration for aesthetic vibe ü§ûüòπ‚ú®",https://www.reddit.com/r/Notion/comments/1l8swwa/looking_for_unique_todo_symbols_need_inspiration/,2025-06-11 13:38:10,4,looking for
Personal_Will9284,Notion,"Are you a student who's overwhelmed, constantly forgetting things, or maybe even suspect you have ADHD?",https://www.reddit.com/r/Notion/comments/1l979d4/are_you_a_student_whos_overwhelmed_constantly/,2025-06-11 23:15:48,3,habit tracker
ryelo4e,Notion,Built a Notion template to run my business ‚Äî live on Etsy now if helpful,https://www.reddit.com/r/Notion/comments/1l967rt/built_a_notion_template_to_run_my_business_live/,2025-06-11 22:29:29,4,CRM
Thomas_yang1,Notion,Looking for Notion talent based in Malaysia!,https://www.reddit.com/r/Notion/comments/1l8ghqg/looking_for_notion_talent_based_in_malaysia/,2025-06-11 01:41:09,4,looking for
Ill_Loan_7894,Notion,‚ÄúJust launched my 11-in-1 Notion Digital Planner Mega Bundle ‚Äì Would love your feedback!‚Äù,https://www.reddit.com/r/Notion/comments/1l8aw1n/just_launched_my_11in1_notion_digital_planner/,2025-06-10 21:25:17,3,habit tracker
DocJerka,Notion,Global shortcut for new page,https://www.reddit.com/r/Notion/comments/1l7zsem/global_shortcut_for_new_page/,2025-06-10 14:13:09,4,looking for
Few-Permission3871,Notion,ultimate life planner,https://www.reddit.com/r/Notion/comments/1l7ji7z/ultimate_life_planner/,2025-06-09 23:11:27,8,"recommend, habit tracker, journal"
viuw,Notion,100 free design resources,https://www.reddit.com/r/Notion/comments/1l6aezj/100_free_design_resources/,2025-06-08 11:56:44,4,looking for
Ill_Loan_7894,Notion,‚ÄúProperty & Rent Management Suite ‚Äî Full Notion Setup for Landlords & Real Estate Investors‚Äù,https://www.reddit.com/r/Notion/comments/1l7gqf8/property_rent_management_suite_full_notion_setup/,2025-06-09 21:14:23,8,"looking for, CRM"
organizeddashboard,Notion,Premium RPG-themed Habit Tracker for Notion üéÆ,https://www.reddit.com/r/Notion/comments/1l6cr6m/premium_rpgthemed_habit_tracker_for_notion/,2025-06-08 13:56:37,3,habit tracker
Ok-Drama8310,Notion,I could use a 2nd set of eyes on my new system.,https://www.reddit.com/r/Notion/comments/1l6xs3b/i_could_use_a_2nd_set_of_eyes_on_my_new_system/,2025-06-09 06:33:42,4,looking for
Ill_Loan_7894,Notion,Property & Rent Management Suite ‚Ä¢ Notion & CSV Kit for Landlords ‚Ä¢ Tenant CRM ‚Ä¢ Rent Log ‚Ä¢ Maintenance ‚Ä¢ Expense & Income ‚Ä¢ Contract Vault ‚Ä¢ Complete Bundle,https://www.reddit.com/r/Notion/comments/1l7g14f/property_rent_management_suite_notion_csv_kit_for/,2025-06-09 20:46:50,4,CRM
bufflow08,Notion,"Is there a Notion checklist + Kanban combo that syncs, so I can plan weekly tasks in a list and track progress visually in a board?",https://www.reddit.com/r/Notion/comments/1l6kuju/is_there_a_notion_checklist_kanban_combo_that/,2025-06-08 19:38:12,3,recommend
ClawedPlatypus,Entrepreneur,I closed 200+ freelance deals with this script,https://www.reddit.com/r/Entrepreneur/comments/1l9gfvk/i_closed_200_freelance_deals_with_this_script/,2025-06-12 07:35:38,7,"looking for, pricing"
Realistts,Entrepreneur,What Makes a Good Small Business?,https://www.reddit.com/r/Entrepreneur/comments/1l9qgto/what_makes_a_good_small_business/,2025-06-12 16:12:30,3,pricing
willkode,Entrepreneur,How to Spot the Lies in a Marketing Agency‚Äôs Pitch - from Someone Who Used to Work Inside One,https://www.reddit.com/r/Entrepreneur/comments/1l9x42t/how_to_spot_the_lies_in_a_marketing_agencys_pitch/,2025-06-12 20:33:00,4,looking for
kred28,Entrepreneur,Fractional COO opportunities,https://www.reddit.com/r/Entrepreneur/comments/1l9lsls/fractional_coo_opportunities/,2025-06-12 12:57:07,4,looking for
FreeMarketTrailBlaze,Entrepreneur,Accidentally stumbled into my first 7-figure business by helping a friend going through divorce,https://www.reddit.com/r/Entrepreneur/comments/1l8eyyo/accidentally_stumbled_into_my_first_7figure/,2025-06-11 00:24:53,4,looking for
onwards-and-upwards,Entrepreneur,3x founder and experienced nocode developer looking for exciting projects.,https://www.reddit.com/r/Entrepreneur/comments/1l9o2hq/3x_founder_and_experienced_nocode_developer/,2025-06-12 14:35:38,4,looking for
idkmuch01,Entrepreneur,How Would You Convert a List of 750 Inbound Chrome Extension Users? (B2B SaaS Email Outreach Strategy - Advice Wanted!),https://www.reddit.com/r/Entrepreneur/comments/1l9rozx/how_would_you_convert_a_list_of_750_inbound/,2025-06-12 17:00:34,3,recommend
duygudulger,Entrepreneur,Good pitch decks don't answer all questions. They create them,https://www.reddit.com/r/Entrepreneur/comments/1l9qfbe/good_pitch_decks_dont_answer_all_questions_they/,2025-06-12 16:10:47,4,looking for
OneMoreSuperUser,Entrepreneur,Looking for Feedback on Our Free Text-to-Speech App (Android & iOS),https://www.reddit.com/r/Entrepreneur/comments/1l8ugt9/looking_for_feedback_on_our_free_texttospeech_app/,2025-06-11 14:42:16,4,looking for
itsabelk,Entrepreneur,"US/UK Sales Partner Wanted for 6-Month Digital Marketing Hustle, no questions asked!! lets just start it and see if it works (Young & Hungry, in thier 20s)",https://www.reddit.com/r/Entrepreneur/comments/1l9l8jx/usuk_sales_partner_wanted_for_6month_digital/,2025-06-12 12:30:12,4,looking for
prestigeperfections,Entrepreneur,Looking for Spanish AI Receptionist,https://www.reddit.com/r/Entrepreneur/comments/1l8o0n3/looking_for_spanish_ai_receptionist/,2025-06-11 09:12:56,4,looking for
Decent-Winner859,Entrepreneur,Looking for low cost Automated Lead Pipeline Software,https://www.reddit.com/r/Entrepreneur/comments/1l9bggm/looking_for_low_cost_automated_lead_pipeline/,2025-06-12 02:39:58,4,looking for
Prestigiousridee,Entrepreneur,Looking for developer,https://www.reddit.com/r/Entrepreneur/comments/1l96dsp/looking_for_developer/,2025-06-11 22:36:45,4,looking for
Lost-Procedure-9625,Entrepreneur,What‚Äôs the biggest challenge your team faces with project management tools?,https://www.reddit.com/r/Entrepreneur/comments/1l9eoy9/whats_the_biggest_challenge_your_team_faces_with/,2025-06-12 05:41:48,3,pricing
Ok-Kiwi3738,Entrepreneur,How do you find a product or service based idea that can scale up?,https://www.reddit.com/r/Entrepreneur/comments/1l9ee6v/how_do_you_find_a_product_or_service_based_idea/,2025-06-12 05:23:49,4,looking for
Worried_Nebula_21,Entrepreneur,Commercial Cleaning Pricing,https://www.reddit.com/r/Entrepreneur/comments/1l99kud/commercial_cleaning_pricing/,2025-06-12 01:07:02,3,pricing
must_improve,Entrepreneur,"Looking for a mastermind group, accountability buddies or someone to roast me - does it exist?",https://www.reddit.com/r/Entrepreneur/comments/1l92x13/looking_for_a_mastermind_group_accountability/,2025-06-11 20:14:12,4,looking for
ThickJxmmy,Entrepreneur,What if you don‚Äôt have a ‚Äúvillage‚Äù,https://www.reddit.com/r/Entrepreneur/comments/1l911g2/what_if_you_dont_have_a_village/,2025-06-11 19:00:08,4,looking for
No-Zone7491,Entrepreneur,How can I find funding for my new staffing agency and what‚Äôs the best way to connect with employers?,https://www.reddit.com/r/Entrepreneur/comments/1l98uuo/how_can_i_find_funding_for_my_new_staffing_agency/,2025-06-12 00:31:10,7,"recommend, looking for"
TheMidnightAss,Entrepreneur,Looking for Newsletter Valuation Strategies,https://www.reddit.com/r/Entrepreneur/comments/1l93muk/looking_for_newsletter_valuation_strategies/,2025-06-11 20:43:30,4,looking for
Other-Excitement3061,Entrepreneur,Nervous and new to sale what can i do to be more confident and succeed in sales before i launch my start up,https://www.reddit.com/r/Entrepreneur/comments/1l8zcg6/nervous_and_new_to_sale_what_can_i_do_to_be_more/,2025-06-11 17:54:06,7,"recommend, looking for"
Civil_Percentage_547,Entrepreneur,Protecting IP Before Manufacturing or send it?,https://www.reddit.com/r/Entrepreneur/comments/1l8z71r/protecting_ip_before_manufacturing_or_send_it/,2025-06-11 17:48:08,3,pricing
clotterycumpy,Entrepreneur,I can‚Äôt decide between a cheap or an expensive website,https://www.reddit.com/r/Entrepreneur/comments/1l984lr/i_cant_decide_between_a_cheap_or_an_expensive/,2025-06-11 23:56:05,3,recommend
Donjhegger,Entrepreneur,Looking for a Co-Founder/Partner to Scale a Clinic Management SaaS,https://www.reddit.com/r/Entrepreneur/comments/1l8s9hs/looking_for_a_cofounderpartner_to_scale_a_clinic/,2025-06-11 13:09:23,4,looking for
divvychugsbeer,Entrepreneur,Anyone looking for a free website. I'm learning word press. Done a few mock ups in local. Just seeing if anyone would like a free website ideally something service based no ecom I'm not that advanced yet,https://www.reddit.com/r/Entrepreneur/comments/1l8iunf/anyone_looking_for_a_free_website_im_learning/,2025-06-11 03:43:25,4,looking for
masterbutters,Entrepreneur,I‚Äôm building a ‚Äòcredit score‚Äô for early-stage startups -what should it include?,https://www.reddit.com/r/Entrepreneur/comments/1l8mcvr/im_building_a_credit_score_for_earlystage/,2025-06-11 07:20:24,4,looking for
Reasonable-Total7327,Entrepreneur,"Tech founders - would you consider ""hiring an AI cofounder"" to accelerate your idea validation process and get to traction faster? Share your expectations and concerns",https://www.reddit.com/r/Entrepreneur/comments/1l8v7oz/tech_founders_would_you_consider_hiring_an_ai/,2025-06-11 15:11:55,4,looking for
Diamond-Waterfall,Entrepreneur,What's a cold outreach/DM you'd actually respond to?,https://www.reddit.com/r/Entrepreneur/comments/1l8l17o/whats_a_cold_outreachdm_youd_actually_respond_to/,2025-06-11 05:52:48,4,looking for
andreins1,Entrepreneur,"Officially, what are some ways to digitally escape the ‚Äú9-5‚Äù",https://www.reddit.com/r/Entrepreneur/comments/1l8kd4j/officially_what_are_some_ways_to_digitally_escape/,2025-06-11 05:10:31,4,looking for
auburnmari,Entrepreneur,How to find people for discovery calls,https://www.reddit.com/r/Entrepreneur/comments/1l8gj8z/how_to_find_people_for_discovery_calls/,2025-06-11 01:43:18,4,looking for
